[INFO] Scanning for projects...
[INFO] 
[INFO] -----------------------< com.cblos:loan-system >------------------------
[INFO] Building  0.0.1-SNAPSHOT
[INFO]   from pom.xml
[INFO] --------------------------------[ jar ]---------------------------------
[INFO] 
[INFO] >>> spring-boot:4.0.6:run (default-cli) > test-compile @ loan-system >>>
[INFO] 
[INFO] --- resources:3.3.1:resources (default-resources) @ loan-system ---
[INFO] Copying 1 resource from src\main\resources to target\classes
[INFO] Copying 13 resources from src\main\resources to target\classes
[INFO] 
[INFO] --- compiler:3.14.1:compile (default-compile) @ loan-system ---
[INFO] Nothing to compile - all classes are up to date.
[INFO] 
[INFO] --- resources:3.3.1:testResources (default-testResources) @ loan-system ---
[INFO] skip non existing resourceDirectory C:\Users\admin\OneDrive\Desktop\cblosvv\effective-succotash-main\demo-\src\test\resources
[INFO] 
[INFO] --- compiler:3.14.1:testCompile (default-testCompile) @ loan-system ---
[INFO] Nothing to compile - all classes are up to date.
[INFO] 
[INFO] <<< spring-boot:4.0.6:run (default-cli) < test-compile @ loan-system <<<
[INFO] 
[INFO] 
[INFO] --- spring-boot:4.0.6:run (default-cli) @ loan-system ---
[INFO] Attaching agents: []

  .   ____          _            __ _ _
 /\\ / ___'_ __ _ _(_)_ __  __ _ \ \ \ \
( ( )\___ | '_ | '_| | '_ \/ _` | \ \ \ \
 \\/  ___)| |_)| | | | | || (_| |  ) ) ) )
  '  |____| .__|_| |_|_| |_\__, | / / / /
 =========|_|==============|___/=/_/_/_/

 :: Spring Boot ::                (v4.0.6)

2026-06-06T11:12:44.967+05:30  INFO 19036 --- [loan-system] [  restartedMain] com.cblos.LoanSystemApplication          : Starting LoanSystemApplication using Java 21.0.8 with PID 19036 (C:\Users\admin\OneDrive\Desktop\cblosvv\effective-succotash-main\demo-\target\classes started by admin in C:\Users\admin\OneDrive\Desktop\cblosvv\effective-succotash-main\demo-)
2026-06-06T11:12:44.975+05:30  INFO 19036 --- [loan-system] [  restartedMain] com.cblos.LoanSystemApplication          : No active profile set, falling back to 1 default profile: "default"
2026-06-06T11:12:44.978+05:30 DEBUG 19036 --- [loan-system] [  restartedMain] o.s.boot.SpringApplication               : Loading source class com.cblos.LoanSystemApplication
2026-06-06T11:12:45.062+05:30 DEBUG 19036 --- [loan-system] [  restartedMain] o.s.b.devtools.restart.ChangeableUrls    : Matching URLs for reloading : [file:/C:/Users/admin/OneDrive/Desktop/cblosvv/effective-succotash-main/demo-/target/classes/]
2026-06-06T11:12:45.063+05:30 DEBUG 19036 --- [loan-system] [  restartedMain] o.s.b.d.settings.DevToolsSettings        : Included patterns for restart : []
2026-06-06T11:12:45.064+05:30 DEBUG 19036 --- [loan-system] [  restartedMain] o.s.b.d.settings.DevToolsSettings        : Excluded patterns for restart : [/spring-boot-starter-[\w-]+/, /spring-boot/(bin|build|out)/, /spring-boot-starter/(bin|build|out)/, /spring-boot-devtools/(bin|build|out)/, /spring-boot-actuator/(bin|build|out)/, /spring-boot-autoconfigure/(bin|build|out)/]
2026-06-06T11:12:45.064+05:30  INFO 19036 --- [loan-system] [  restartedMain] .e.DevToolsPropertyDefaultsPostProcessor : Devtools property defaults active! Set 'spring.devtools.add-properties' to 'false' to disable
2026-06-06T11:12:45.065+05:30  INFO 19036 --- [loan-system] [  restartedMain] .e.DevToolsPropertyDefaultsPostProcessor : For additional web related logging consider setting the 'logging.level.web' property to 'DEBUG'
2026-06-06T11:12:45.066+05:30 DEBUG 19036 --- [loan-system] [  restartedMain] ConfigServletWebServerApplicationContext : Refreshing org.springframework.boot.web.server.servlet.context.AnnotationConfigServletWebServerApplicationContext@3be839b3
2026-06-06T11:12:47.010+05:30  INFO 19036 --- [loan-system] [  restartedMain] .s.d.r.c.RepositoryConfigurationDelegate : Bootstrapping Spring Data JPA repositories in DEFAULT mode.
2026-06-06T11:12:47.063+05:30 DEBUG 19036 --- [loan-system] [  restartedMain] o.s.b.a.AutoConfigurationPackages        : @EnableAutoConfiguration was declared on a class in the package 'com.cblos'. Automatic @Repository and @Entity scanning is enabled.
2026-06-06T11:12:47.261+05:30  INFO 19036 --- [loan-system] [  restartedMain] .s.d.r.c.RepositoryConfigurationDelegate : Finished Spring Data repository scanning in 227 ms. Found 12 JPA repository interfaces.
2026-06-06T11:12:48.605+05:30 DEBUG 19036 --- [loan-system] [  restartedMain] o.s.b.t.s.TomcatServletWebServerFactory  : Code archive: C:\Users\admin\.m2\repository\org\springframework\boot\spring-boot-web-server\4.0.6\spring-boot-web-server-4.0.6.jar
2026-06-06T11:12:48.605+05:30 DEBUG 19036 --- [loan-system] [  restartedMain] o.s.b.t.s.TomcatServletWebServerFactory  : Code archive: C:\Users\admin\.m2\repository\org\springframework\boot\spring-boot-web-server\4.0.6\spring-boot-web-server-4.0.6.jar
2026-06-06T11:12:48.608+05:30 DEBUG 19036 --- [loan-system] [  restartedMain] o.s.b.t.s.TomcatServletWebServerFactory  : None of the document roots [src/main/webapp, public, static] point to a directory and will be ignored.
2026-06-06T11:12:48.723+05:30  INFO 19036 --- [loan-system] [  restartedMain] o.s.boot.tomcat.TomcatWebServer          : Tomcat initialized with port 2727 (http)
2026-06-06T11:12:48.753+05:30  INFO 19036 --- [loan-system] [  restartedMain] o.apache.catalina.core.StandardService   : Starting service [Tomcat]
2026-06-06T11:12:48.753+05:30  INFO 19036 --- [loan-system] [  restartedMain] o.apache.catalina.core.StandardEngine    : Starting Servlet engine: [Apache Tomcat/11.0.21]
2026-06-06T11:12:48.936+05:30 DEBUG 19036 --- [loan-system] [  restartedMain] b.w.c.s.WebApplicationContextInitializer : Published root WebApplicationContext as ServletContext attribute with name [org.springframework.web.context.WebApplicationContext.ROOT]
2026-06-06T11:12:48.944+05:30  INFO 19036 --- [loan-system] [  restartedMain] b.w.c.s.WebApplicationContextInitializer : Root WebApplicationContext: initialization completed in 3874 ms
2026-06-06T11:12:49.010+05:30 DEBUG 19036 --- [loan-system] [  restartedMain] o.s.b.w.s.ServletContextInitializerBeans : Mapping filters: springSecurityFilterChain urls=[/*] order=-100, characterEncodingFilter urls=[/*] order=-2147483648, formContentFilter urls=[/*] order=-9900, requestContextFilter urls=[/*] order=-105
2026-06-06T11:12:49.011+05:30 DEBUG 19036 --- [loan-system] [  restartedMain] o.s.b.w.s.ServletContextInitializerBeans : Mapping servlets: dispatcherServlet urls=[/]
2026-06-06T11:12:49.097+05:30 DEBUG 19036 --- [loan-system] [  restartedMain] o.s.b.s.f.OrderedRequestContextFilter    : Filter 'requestContextFilter' configured for use
2026-06-06T11:12:49.103+05:30 DEBUG 19036 --- [loan-system] [  restartedMain] o.s.b.s.f.OrderedCharacterEncodingFilter : Filter 'characterEncodingFilter' configured for use
2026-06-06T11:12:49.106+05:30 DEBUG 19036 --- [loan-system] [  restartedMain] .DelegatingFilterProxyRegistrationBean$1 : Filter 'springSecurityFilterChain' configured for use
2026-06-06T11:12:49.107+05:30 DEBUG 19036 --- [loan-system] [  restartedMain] o.s.b.s.filter.OrderedFormContentFilter  : Filter 'formContentFilter' configured for use
2026-06-06T11:12:49.619+05:30  INFO 19036 --- [loan-system] [  restartedMain] org.hibernate.orm.jpa                    : HHH008540: Processing PersistenceUnitInfo [name: default]
2026-06-06T11:12:49.827+05:30  INFO 19036 --- [loan-system] [  restartedMain] org.hibernate.orm.core                   : HHH000001: Hibernate ORM core version 7.2.12.Final
2026-06-06T11:12:52.470+05:30  INFO 19036 --- [loan-system] [  restartedMain] o.s.o.j.p.SpringPersistenceUnitInfo      : No LoadTimeWeaver setup: ignoring JPA class transformer
2026-06-06T11:12:52.628+05:30  INFO 19036 --- [loan-system] [  restartedMain] com.zaxxer.hikari.HikariDataSource       : HikariPool-1 - Starting...
2026-06-06T11:12:54.038+05:30  INFO 19036 --- [loan-system] [  restartedMain] com.zaxxer.hikari.pool.HikariPool        : HikariPool-1 - Added connection com.mysql.cj.jdbc.ConnectionImpl@4c3d7ba1
2026-06-06T11:12:54.042+05:30  INFO 19036 --- [loan-system] [  restartedMain] com.zaxxer.hikari.HikariDataSource       : HikariPool-1 - Start completed.
2026-06-06T11:12:54.310+05:30  INFO 19036 --- [loan-system] [  restartedMain] org.hibernate.orm.connections.pooling    : HHH10001005: Database info:
	Database JDBC URL [jdbc:mysql://localhost:3306/loan_db8]
	Database driver: MySQL Connector/J
	Database dialect: MySQLDialect
	Database version: 8.0.44
	Default catalog/schema: loan_db8/undefined
	Autocommit mode: undefined/unknown
	Isolation level: REPEATABLE_READ [default REPEATABLE_READ]
	JDBC fetch size: none
	Pool: DataSourceConnectionProvider
	Minimum pool size: undefined/unknown
	Maximum pool size: undefined/unknown
2026-06-06T11:12:56.568+05:30  INFO 19036 --- [loan-system] [  restartedMain] org.hibernate.orm.core                   : HHH000489: No JTA platform available (set 'hibernate.transaction.jta.platform' to enable JTA platform integration)
2026-06-06T11:12:56.797+05:30  INFO 19036 --- [loan-system] [  restartedMain] j.LocalContainerEntityManagerFactoryBean : Initialized JPA EntityManagerFactory for persistence unit 'default'
2026-06-06T11:12:56.942+05:30  INFO 19036 --- [loan-system] [  restartedMain] o.s.d.j.r.query.QueryEnhancerFactories   : Hibernate is in classpath; If applicable, HQL parser will be used.
2026-06-06T11:12:58.242+05:30 DEBUG 19036 --- [loan-system] [  restartedMain] org.hibernate.SQL                        : 
    select
        count(*) 
    from
        loan_products lp1_0
Hibernate: 
    select
        count(*) 
    from
        loan_products lp1_0
2026-06-06T11:12:58.335+05:30  WARN 19036 --- [loan-system] [  restartedMain] JpaBaseConfiguration$JpaWebConfiguration : spring.jpa.open-in-view is enabled by default. Therefore, database queries may be performed during view rendering. Explicitly configure spring.jpa.open-in-view to disable this warning
2026-06-06T11:12:58.411+05:30  INFO 19036 --- [loan-system] [  restartedMain] r$InitializeUserDetailsManagerConfigurer : Global AuthenticationManager configured with UserDetailsService bean with name appUserDetailsService
2026-06-06T11:12:58.626+05:30  INFO 19036 --- [loan-system] [  restartedMain] o.s.b.w.a.WelcomePageHandlerMapping      : Adding welcome page template: index
2026-06-06T11:12:58.724+05:30 DEBUG 19036 --- [loan-system] [  restartedMain] s.w.s.m.m.a.RequestMappingHandlerMapping : 66 mappings in 'requestMappingHandlerMapping'
2026-06-06T11:12:58.753+05:30 DEBUG 19036 --- [loan-system] [  restartedMain] o.s.w.s.handler.SimpleUrlHandlerMapping  : Patterns [/webjars/**, /**] in 'resourceHandlerMapping'
2026-06-06T11:12:58.778+05:30 DEBUG 19036 --- [loan-system] [  restartedMain] s.w.s.m.m.a.RequestMappingHandlerAdapter : ControllerAdvice beans: 0 @ModelAttribute, 0 @InitBinder, 2 RequestBodyAdvice, 1 ResponseBodyAdvice
2026-06-06T11:12:58.872+05:30 DEBUG 19036 --- [loan-system] [  restartedMain] .m.m.a.ExceptionHandlerExceptionResolver : ControllerAdvice beans: 1 @ExceptionHandler, 1 ResponseBodyAdvice
2026-06-06T11:12:58.979+05:30  INFO 19036 --- [loan-system] [  restartedMain] o.s.boot.tomcat.TomcatWebServer          : Tomcat started on port 2727 (http) with context path '/'
2026-06-06T11:12:58.998+05:30 DEBUG 19036 --- [loan-system] [  restartedMain] .s.b.a.l.ConditionEvaluationReportLogger : 


============================
CONDITIONS EVALUATION REPORT
============================


Positive matches:
-----------------

   AopAutoConfiguration matched:
      - @ConditionalOnBooleanProperty (spring.aop.auto=true) matched (OnPropertyCondition)

   AopAutoConfiguration.AspectJAutoProxyingConfiguration matched:
      - @ConditionalOnClass found required class 'org.aspectj.weaver.Advice' (OnClassCondition)

   AopAutoConfiguration.AspectJAutoProxyingConfiguration.CglibAutoProxyConfiguration matched:
      - @ConditionalOnBooleanProperty (spring.aop.proxy-target-class=true) matched (OnPropertyCondition)

   ApplicationAvailabilityAutoConfiguration#applicationAvailability matched:
      - @ConditionalOnMissingBean (types: org.springframework.boot.availability.ApplicationAvailability; SearchStrategy: all) did not find any beans (OnBeanCondition)

   DataJpaRepositoriesAutoConfiguration matched:
      - @ConditionalOnClass found required class 'org.springframework.data.jpa.repository.JpaRepository' (OnClassCondition)
      - @ConditionalOnBooleanProperty (spring.data.jpa.repositories.enabled=true) matched (OnPropertyCondition)
      - @ConditionalOnBean (types: javax.sql.DataSource; SearchStrategy: all) found bean 'dataSource'; @ConditionalOnMissingBean (types: org.springframework.data.jpa.repository.support.JpaRepositoryFactoryBean,org.springframework.data.jpa.repository.config.JpaRepositoryConfigExtension; SearchStrategy: all) did not find any beans (OnBeanCondition)

   DataSourceAutoConfiguration matched:
      - @ConditionalOnClass found required classes 'javax.sql.DataSource', 'org.springframework.jdbc.datasource.embedded.EmbeddedDatabaseType' (OnClassCondition)
      - @ConditionalOnMissingBean (types: io.r2dbc.spi.ConnectionFactory; SearchStrategy: all) did not find any beans (OnBeanCondition)

   DataSourceAutoConfiguration.PooledDataSourceConfiguration matched:
      - AnyNestedCondition 1 matched 1 did not; NestedCondition on DataSourceAutoConfiguration.PooledDataSourceCondition.PooledDataSourceAvailable PooledDataSource found supported DataSource; NestedCondition on DataSourceAutoConfiguration.PooledDataSourceCondition.ExplicitType @ConditionalOnProperty (spring.datasource.type) did not find property 'spring.datasource.type' (DataSourceAutoConfiguration.PooledDataSourceCondition)
      - @ConditionalOnMissingBean (types: javax.sql.DataSource,javax.sql.XADataSource; SearchStrategy: all) did not find any beans (OnBeanCondition)

   DataSourceAutoConfiguration.PooledDataSourceConfiguration#jdbcConnectionDetails matched:
      - @ConditionalOnMissingBean (types: org.springframework.boot.jdbc.autoconfigure.JdbcConnectionDetails; SearchStrategy: all) did not find any beans (OnBeanCondition)

   DataSourceConfiguration.Hikari matched:
      - @ConditionalOnClass found required class 'com.zaxxer.hikari.HikariDataSource' (OnClassCondition)
      - @ConditionalOnProperty (spring.datasource.type=com.zaxxer.hikari.HikariDataSource) matched (OnPropertyCondition)
      - @ConditionalOnMissingBean (types: javax.sql.DataSource; SearchStrategy: all) did not find any beans (OnBeanCondition)

   DataSourceInitializationAutoConfiguration matched:
      - @ConditionalOnClass found required class 'org.springframework.jdbc.datasource.init.DatabasePopulator' (OnClassCondition)
      - SQL InitializationDatabase Initialization default value is EMBEDDED (OnSqlInitializationCondition)
      - @ConditionalOnSingleCandidate (types: javax.sql.DataSource; SearchStrategy: all) found a single bean 'dataSource'; @ConditionalOnMissingBean (types: org.springframework.boot.sql.autoconfigure.init.ApplicationScriptDatabaseInitializer; SearchStrategy: all) did not find any beans (OnBeanCondition)

   DataSourcePoolMetadataProvidersConfiguration.HikariPoolDataSourceMetadataProviderConfiguration matched:
      - @ConditionalOnClass found required class 'com.zaxxer.hikari.HikariDataSource' (OnClassCondition)

   DataSourceTransactionManagerAutoConfiguration matched:
      - @ConditionalOnClass found required classes 'javax.sql.DataSource', 'org.springframework.jdbc.core.JdbcTemplate', 'org.springframework.transaction.TransactionManager' (OnClassCondition)

   DataSourceTransactionManagerAutoConfiguration.JdbcTransactionManagerConfiguration matched:
      - @ConditionalOnSingleCandidate (types: javax.sql.DataSource; SearchStrategy: all) found a single bean 'dataSource' (OnBeanCondition)

   DataWebAutoConfiguration matched:
      - @ConditionalOnClass found required classes 'org.springframework.data.web.PageableHandlerMethodArgumentResolver', 'org.springframework.web.servlet.config.annotation.WebMvcConfigurer' (OnClassCondition)
      - found 'session' scope (OnWebApplicationCondition)
      - @ConditionalOnMissingBean (types: org.springframework.data.web.PageableHandlerMethodArgumentResolver; SearchStrategy: all) did not find any beans (OnBeanCondition)

   DataWebAutoConfiguration#pageableCustomizer matched:
      - @ConditionalOnMissingBean (types: org.springframework.data.web.config.PageableHandlerMethodArgumentResolverCustomizer; SearchStrategy: all) did not find any beans (OnBeanCondition)

   DataWebAutoConfiguration#sortCustomizer matched:
      - @ConditionalOnMissingBean (types: org.springframework.data.web.config.SortHandlerMethodArgumentResolverCustomizer; SearchStrategy: all) did not find any beans (OnBeanCondition)

   DataWebAutoConfiguration#springDataWebSettings matched:
      - @ConditionalOnMissingBean (types: org.springframework.data.web.config.SpringDataWebSettings; SearchStrategy: all) did not find any beans (OnBeanCondition)

   DevToolsDataSourceAutoConfiguration matched:
      - @ConditionalOnClass found required class 'javax.sql.DataSource' (OnClassCondition)
      - Devtools devtools enabled. (OnEnabledDevToolsCondition)
      - DevTools DataSource Condition found auto-configured DataSource (DevToolsDataSourceAutoConfiguration.DevToolsDataSourceCondition)

   DevToolsDataSourceAutoConfiguration.DatabaseShutdownExecutorEntityManagerFactoryDependsOnConfiguration matched:
      - @ConditionalOnClass found required classes 'org.springframework.boot.jpa.autoconfigure.EntityManagerFactoryDependsOnPostProcessor', 'org.springframework.orm.jpa.LocalContainerEntityManagerFactoryBean' (OnClassCondition)
      - @ConditionalOnBean (types: org.springframework.orm.jpa.AbstractEntityManagerFactoryBean; SearchStrategy: all) found bean '&entityManagerFactory' (OnBeanCondition)

   DispatcherServletAutoConfiguration matched:
      - @ConditionalOnClass found required class 'org.springframework.web.servlet.DispatcherServlet' (OnClassCondition)
      - found 'session' scope (OnWebApplicationCondition)

   DispatcherServletAutoConfiguration.DispatcherServletConfiguration matched:
      - @ConditionalOnClass found required class 'jakarta.servlet.ServletRegistration' (OnClassCondition)
      - Default DispatcherServlet did not find dispatcher servlet beans (DispatcherServletAutoConfiguration.DefaultDispatcherServletCondition)

   DispatcherServletAutoConfiguration.DispatcherServletRegistrationConfiguration matched:
      - @ConditionalOnClass found required class 'jakarta.servlet.ServletRegistration' (OnClassCondition)
      - DispatcherServlet Registration did not find servlet registration bean (DispatcherServletAutoConfiguration.DispatcherServletRegistrationCondition)

   DispatcherServletAutoConfiguration.DispatcherServletRegistrationConfiguration#dispatcherServletRegistration matched:
      - @ConditionalOnBean (names: dispatcherServlet types: org.springframework.web.servlet.DispatcherServlet; SearchStrategy: all) found bean 'dispatcherServlet' (OnBeanCondition)

   ErrorMvcAutoConfiguration matched:
      - @ConditionalOnClass found required classes 'jakarta.servlet.Servlet', 'org.springframework.web.servlet.DispatcherServlet' (OnClassCondition)
      - found 'session' scope (OnWebApplicationCondition)

   ErrorMvcAutoConfiguration#basicErrorController matched:
      - @ConditionalOnMissingBean (types: org.springframework.boot.webmvc.error.ErrorController; SearchStrategy: current) did not find any beans (OnBeanCondition)

   ErrorMvcAutoConfiguration#errorAttributes matched:
      - @ConditionalOnMissingBean (types: org.springframework.boot.webmvc.error.ErrorAttributes; SearchStrategy: current) did not find any beans (OnBeanCondition)

   ErrorMvcAutoConfiguration.DefaultErrorViewResolverConfiguration#conventionErrorViewResolver matched:
      - @ConditionalOnBean (types: org.springframework.web.servlet.DispatcherServlet; SearchStrategy: all) found bean 'dispatcherServlet'; @ConditionalOnMissingBean (types: org.springframework.boot.webmvc.autoconfigure.error.ErrorViewResolver; SearchStrategy: all) did not find any beans (OnBeanCondition)

   ErrorMvcAutoConfiguration.WhitelabelErrorViewConfiguration matched:
      - @ConditionalOnBooleanProperty (spring.web.error.whitelabel.enabled=true) matched (OnPropertyCondition)
      - ErrorTemplate Missing did not find error template view (ErrorMvcAutoConfiguration.ErrorTemplateMissingCondition)

   ErrorMvcAutoConfiguration.WhitelabelErrorViewConfiguration#beanNameViewResolver matched:
      - @ConditionalOnMissingBean (types: org.springframework.web.servlet.view.BeanNameViewResolver; SearchStrategy: all) did not find any beans (OnBeanCondition)

   ErrorMvcAutoConfiguration.WhitelabelErrorViewConfiguration#defaultErrorView matched:
      - @ConditionalOnMissingBean (names: error; SearchStrategy: all) did not find any beans (OnBeanCondition)

   HibernateJpaAutoConfiguration matched:
      - @ConditionalOnClass found required classes 'org.springframework.orm.jpa.LocalContainerEntityManagerFactoryBean', 'jakarta.persistence.EntityManager', 'org.hibernate.engine.spi.SessionImplementor' (OnClassCondition)

   HibernateJpaConfiguration matched:
      - @ConditionalOnSingleCandidate (types: javax.sql.DataSource; SearchStrategy: all) found a single bean 'dataSource' (OnBeanCondition)

   HttpEncodingAutoConfiguration matched:
      - @ConditionalOnClass found required class 'org.springframework.web.filter.CharacterEncodingFilter' (OnClassCondition)
      - found 'session' scope (OnWebApplicationCondition)
      - @ConditionalOnBooleanProperty (spring.servlet.encoding.enabled=true) matched (OnPropertyCondition)

   HttpEncodingAutoConfiguration#characterEncodingFilter matched:
      - @ConditionalOnMissingBean (types: org.springframework.web.filter.CharacterEncodingFilter; SearchStrategy: all) did not find any beans (OnBeanCondition)

   HttpMessageConvertersAutoConfiguration matched:
      - @ConditionalOnClass found required class 'org.springframework.http.converter.HttpMessageConverter' (OnClassCondition)
      - NoneNestedConditions 0 matched 1 did not; NestedCondition on HttpMessageConvertersAutoConfiguration.NotReactiveWebApplicationCondition.ReactiveWebApplication did not find reactive web application classes (HttpMessageConvertersAutoConfiguration.NotReactiveWebApplicationCondition)

   HttpMessageConvertersAutoConfiguration.StringHttpMessageConverterConfiguration#stringHttpMessageConvertersCustomizer matched:
      - @ConditionalOnMissingBean (types: org.springframework.http.converter.StringHttpMessageConverter; SearchStrategy: all) did not find any beans (OnBeanCondition)

   JacksonAutoConfiguration matched:
      - @ConditionalOnClass found required class 'tools.jackson.databind.json.JsonMapper' (OnClassCondition)

   JacksonAutoConfiguration#jacksonJsonMapper matched:
      - @ConditionalOnMissingBean (types: tools.jackson.databind.json.JsonMapper; SearchStrategy: all) did not find any beans (OnBeanCondition)

   JacksonAutoConfiguration#jsonMapperBuilder matched:
      - @ConditionalOnMissingBean (types: tools.jackson.databind.json.JsonMapper$Builder; SearchStrategy: all) did not find any beans (OnBeanCondition)

   JacksonAutoConfiguration.JsonProblemDetailsConfiguration matched:
      - @ConditionalOnClass found required class 'org.springframework.http.ProblemDetail' (OnClassCondition)

   JacksonHttpMessageConvertersConfiguration.JacksonJsonHttpMessageConverterConfiguration matched:
      - @ConditionalOnClass found required class 'tools.jackson.databind.json.JsonMapper' (OnClassCondition)
      - @ConditionalOnProperty (spring.http.converters.preferred-json-mapper=jackson) matched (OnPropertyCondition)
      - @ConditionalOnBean (types: tools.jackson.databind.json.JsonMapper; SearchStrategy: all) found bean 'jacksonJsonMapper' (OnBeanCondition)

   JacksonHttpMessageConvertersConfiguration.JacksonJsonHttpMessageConverterConfiguration#jacksonJsonHttpMessageConvertersCustomizer matched:
      - @ConditionalOnMissingBean (types: org.springframework.http.converter.json.JacksonJsonHttpMessageConverter ignored: org.springframework.hateoas.server.mvc.TypeConstrainedJacksonJsonHttpMessageConverter,org.springframework.data.rest.webmvc.alps.AlpsJacksonJsonHttpMessageConverter; SearchStrategy: all) did not find any beans (OnBeanCondition)

   JdbcClientAutoConfiguration matched:
      - @ConditionalOnSingleCandidate (types: org.springframework.jdbc.core.namedparam.NamedParameterJdbcTemplate; SearchStrategy: all) found a single bean 'namedParameterJdbcTemplate'; @ConditionalOnMissingBean (types: org.springframework.jdbc.core.simple.JdbcClient; SearchStrategy: all) did not find any beans (OnBeanCondition)

   JdbcTemplateAutoConfiguration matched:
      - @ConditionalOnClass found required classes 'javax.sql.DataSource', 'org.springframework.jdbc.core.JdbcTemplate' (OnClassCondition)
      - @ConditionalOnSingleCandidate (types: javax.sql.DataSource; SearchStrategy: all) found a single bean 'dataSource' (OnBeanCondition)

   JdbcTemplateConfiguration matched:
      - @ConditionalOnMissingBean (types: org.springframework.jdbc.core.JdbcOperations; SearchStrategy: all) did not find any beans (OnBeanCondition)

   JpaBaseConfiguration#entityManagerFactory matched:
      - @ConditionalOnMissingBean (types: org.springframework.orm.jpa.LocalContainerEntityManagerFactoryBean,jakarta.persistence.EntityManagerFactory; SearchStrategy: all) did not find any beans (OnBeanCondition)

   JpaBaseConfiguration#entityManagerFactoryBuilder matched:
      - @ConditionalOnMissingBean (types: org.springframework.boot.jpa.EntityManagerFactoryBuilder; SearchStrategy: all) did not find any beans (OnBeanCondition)

   JpaBaseConfiguration#jpaVendorAdapter matched:
      - @ConditionalOnMissingBean (types: org.springframework.orm.jpa.JpaVendorAdapter; SearchStrategy: all) did not find any beans (OnBeanCondition)

   JpaBaseConfiguration#transactionManager matched:
      - @ConditionalOnMissingBean (types: org.springframework.transaction.TransactionManager; SearchStrategy: all) did not find any beans (OnBeanCondition)

   JpaBaseConfiguration.JpaWebConfiguration matched:
      - @ConditionalOnClass found required class 'org.springframework.web.servlet.config.annotation.WebMvcConfigurer' (OnClassCondition)
      - found 'session' scope (OnWebApplicationCondition)
      - @ConditionalOnBooleanProperty (spring.jpa.open-in-view=true) matched (OnPropertyCondition)
      - @ConditionalOnMissingBean (types: org.springframework.orm.jpa.support.OpenEntityManagerInViewInterceptor,org.springframework.orm.jpa.support.OpenEntityManagerInViewFilter; SearchStrategy: all) did not find any beans (OnBeanCondition)

   JpaBaseConfiguration.PersistenceManagedTypesConfiguration matched:
      - @ConditionalOnMissingBean (types: org.springframework.orm.jpa.LocalContainerEntityManagerFactoryBean,jakarta.persistence.EntityManagerFactory; SearchStrategy: all) did not find any beans (OnBeanCondition)

   JpaBaseConfiguration.PersistenceManagedTypesConfiguration#persistenceManagedTypes matched:
      - @ConditionalOnMissingBean (types: org.springframework.orm.jpa.persistenceunit.PersistenceManagedTypes; SearchStrategy: all) did not find any beans (OnBeanCondition)

   JtaAutoConfiguration matched:
      - @ConditionalOnClass found required class 'jakarta.transaction.Transaction' (OnClassCondition)
      - @ConditionalOnBooleanProperty (spring.jta.enabled=true) matched (OnPropertyCondition)

   LifecycleAutoConfiguration#defaultLifecycleProcessor matched:
      - @ConditionalOnMissingBean (names: lifecycleProcessor; SearchStrategy: current) did not find any beans (OnBeanCondition)

   LocalDevToolsAutoConfiguration matched:
      - Initialized Restarter Condition available and initialized (OnInitializedRestarterCondition)

   LocalDevToolsAutoConfiguration.RestartConfiguration matched:
      - @ConditionalOnBooleanProperty (spring.devtools.restart.enabled=true) matched (OnPropertyCondition)

   LocalDevToolsAutoConfiguration.RestartConfiguration#classPathFileSystemWatcher matched:
      - @ConditionalOnMissingBean (types: org.springframework.boot.devtools.classpath.ClassPathFileSystemWatcher; SearchStrategy: all) did not find any beans (OnBeanCondition)

   LocalDevToolsAutoConfiguration.RestartConfiguration#classPathRestartStrategy matched:
      - @ConditionalOnMissingBean (types: org.springframework.boot.devtools.classpath.ClassPathRestartStrategy; SearchStrategy: all) did not find any beans (OnBeanCondition)

   LocalDevToolsAutoConfiguration.RestartConfiguration#conditionEvaluationDeltaLoggingListener matched:
      - @ConditionalOnBooleanProperty (spring.devtools.restart.log-condition-evaluation-delta=true) matched (OnPropertyCondition)

   MultipartAutoConfiguration matched:
      - @ConditionalOnClass found required classes 'jakarta.servlet.Servlet', 'org.springframework.web.multipart.support.StandardServletMultipartResolver', 'jakarta.servlet.MultipartConfigElement' (OnClassCondition)
      - found 'session' scope (OnWebApplicationCondition)
      - @ConditionalOnBooleanProperty (spring.servlet.multipart.enabled=true) matched (OnPropertyCondition)

   MultipartAutoConfiguration#multipartConfigElement matched:
      - @ConditionalOnMissingBean (types: jakarta.servlet.MultipartConfigElement; SearchStrategy: all) did not find any beans (OnBeanCondition)

   MultipartAutoConfiguration#multipartResolver matched:
      - @ConditionalOnMissingBean (types: org.springframework.web.multipart.MultipartResolver; SearchStrategy: all) did not find any beans (OnBeanCondition)

   NamedParameterJdbcTemplateConfiguration matched:
      - @ConditionalOnSingleCandidate (types: org.springframework.jdbc.core.JdbcTemplate; SearchStrategy: all) found a single bean 'jdbcTemplate'; @ConditionalOnMissingBean (types: org.springframework.jdbc.core.namedparam.NamedParameterJdbcOperations; SearchStrategy: all) did not find any beans (OnBeanCondition)

   PersistenceExceptionTranslationAutoConfiguration matched:
      - @ConditionalOnClass found required class 'org.springframework.dao.annotation.PersistenceExceptionTranslationPostProcessor' (OnClassCondition)

   PersistenceExceptionTranslationAutoConfiguration#persistenceExceptionTranslationPostProcessor matched:
      - @ConditionalOnBooleanProperty (spring.persistence.exceptiontranslation.enabled=true) matched (OnPropertyCondition)
      - @ConditionalOnMissingBean (types: org.springframework.dao.annotation.PersistenceExceptionTranslationPostProcessor; SearchStrategy: all) did not find any beans (OnBeanCondition)

   PropertyPlaceholderAutoConfiguration#propertySourcesPlaceholderConfigurer matched:
      - @ConditionalOnMissingBean (types: org.springframework.context.support.PropertySourcesPlaceholderConfigurer; SearchStrategy: current) did not find any beans (OnBeanCondition)

   SecurityAutoConfiguration matched:
      - @ConditionalOnClass found required class 'org.springframework.security.authentication.DefaultAuthenticationEventPublisher' (OnClassCondition)

   SecurityAutoConfiguration#authenticationEventPublisher matched:
      - @ConditionalOnMissingBean (types: org.springframework.security.authentication.AuthenticationEventPublisher; SearchStrategy: all) did not find any beans (OnBeanCondition)

   SecurityFilterAutoConfiguration matched:
      - @ConditionalOnClass found required classes 'org.springframework.security.web.context.AbstractSecurityWebApplicationInitializer', 'org.springframework.security.config.http.SessionCreationPolicy' (OnClassCondition)
      - found 'session' scope (OnWebApplicationCondition)

   SecurityFilterAutoConfiguration#securityFilterChainRegistration matched:
      - @ConditionalOnBean (names: springSecurityFilterChain; SearchStrategy: all) found bean 'springSecurityFilterChain' (OnBeanCondition)

   ServletWebSecurityAutoConfiguration matched:
      - @ConditionalOnClass found required class 'org.springframework.security.config.annotation.web.configuration.EnableWebSecurity' (OnClassCondition)
      - found 'session' scope (OnWebApplicationCondition)

   ServletWebSecurityAutoConfiguration.PathPatternRequestMatcherBuilderConfiguration matched:
      - @ConditionalOnClass found required class 'org.springframework.boot.webmvc.autoconfigure.DispatcherServletPath' (OnClassCondition)
      - @ConditionalOnBean (types: org.springframework.boot.webmvc.autoconfigure.DispatcherServletPath; SearchStrategy: all) found bean 'dispatcherServletRegistration' (OnBeanCondition)

   ServletWebSecurityAutoConfiguration.PathPatternRequestMatcherBuilderConfiguration#pathPatternRequestMatcherBuilder matched:
      - @ConditionalOnMissingBean (types: org.springframework.security.web.servlet.util.matcher.PathPatternRequestMatcher$Builder; SearchStrategy: all) did not find any beans (OnBeanCondition)

   SslAutoConfiguration#sslBundleRegistry matched:
      - @ConditionalOnMissingBean (types: org.springframework.boot.ssl.SslBundleRegistry,org.springframework.boot.ssl.SslBundles; SearchStrategy: all) did not find any beans (OnBeanCondition)

   TaskExecutionAutoConfiguration matched:
      - @ConditionalOnClass found required class 'org.springframework.scheduling.concurrent.ThreadPoolTaskExecutor' (OnClassCondition)

   TaskExecutorConfigurations.AsyncConfigurerConfiguration matched:
      - @ConditionalOnMissingBean (types: org.springframework.scheduling.annotation.AsyncConfigurer; SearchStrategy: all) did not find any beans (OnBeanCondition)

   TaskExecutorConfigurations.SimpleAsyncTaskExecutorBuilderConfiguration#simpleAsyncTaskExecutorBuilder matched:
      - @ConditionalOnMissingBean (types: org.springframework.boot.task.SimpleAsyncTaskExecutorBuilder; SearchStrategy: all) did not find any beans (OnBeanCondition)
      - @ConditionalOnThreading found PLATFORM (OnThreadingCondition)

   TaskExecutorConfigurations.TaskExecutorConfiguration matched:
      - AnyNestedCondition 1 matched 1 did not; NestedCondition on TaskExecutorConfigurations.OnExecutorCondition.ModelCondition @ConditionalOnProperty (spring.task.execution.mode=force) did not find property 'spring.task.execution.mode'; NestedCondition on TaskExecutorConfigurations.OnExecutorCondition.ExecutorBeanCondition @ConditionalOnMissingBean (types: java.util.concurrent.Executor; SearchStrategy: all) did not find any beans (TaskExecutorConfigurations.OnExecutorCondition)

   TaskExecutorConfigurations.TaskExecutorConfiguration#applicationTaskExecutor matched:
      - @ConditionalOnThreading found PLATFORM (OnThreadingCondition)

   TaskExecutorConfigurations.ThreadPoolTaskExecutorBuilderConfiguration#threadPoolTaskExecutorBuilder matched:
      - @ConditionalOnMissingBean (types: org.springframework.boot.task.ThreadPoolTaskExecutorBuilder; SearchStrategy: all) did not find any beans (OnBeanCondition)

   TaskSchedulingAutoConfiguration matched:
      - @ConditionalOnClass found required class 'org.springframework.scheduling.concurrent.ThreadPoolTaskScheduler' (OnClassCondition)

   TaskSchedulingConfigurations.SimpleAsyncTaskSchedulerBuilderConfiguration#simpleAsyncTaskSchedulerBuilder matched:
      - @ConditionalOnMissingBean (types: org.springframework.boot.task.SimpleAsyncTaskSchedulerBuilder; SearchStrategy: all) did not find any beans (OnBeanCondition)
      - @ConditionalOnThreading found PLATFORM (OnThreadingCondition)

   TaskSchedulingConfigurations.ThreadPoolTaskSchedulerBuilderConfiguration#threadPoolTaskSchedulerBuilder matched:
      - @ConditionalOnMissingBean (types: org.springframework.boot.task.ThreadPoolTaskSchedulerBuilder; SearchStrategy: all) did not find any beans (OnBeanCondition)

   TemplateEngineConfigurations.DefaultTemplateEngineConfiguration#templateEngine matched:
      - @ConditionalOnMissingBean (types: org.thymeleaf.spring6.ISpringTemplateEngine; SearchStrategy: all) did not find any beans (OnBeanCondition)

   ThymeleafAutoConfiguration matched:
      - @ConditionalOnClass found required classes 'org.thymeleaf.templatemode.TemplateMode', 'org.thymeleaf.spring6.SpringTemplateEngine' (OnClassCondition)

   ThymeleafAutoConfiguration.DefaultTemplateResolverConfiguration matched:
      - @ConditionalOnMissingBean (names: defaultTemplateResolver; SearchStrategy: all) did not find any beans (OnBeanCondition)

   ThymeleafAutoConfiguration.ThymeleafWebMvcConfiguration matched:
      - found 'session' scope (OnWebApplicationCondition)

   ThymeleafAutoConfiguration.ThymeleafWebMvcConfiguration.ThymeleafViewResolverConfiguration matched:
      - @ConditionalOnClass found required class 'org.springframework.web.servlet.view.AbstractCachingViewResolver' (OnClassCondition)

   ThymeleafAutoConfiguration.ThymeleafWebMvcConfiguration.ThymeleafViewResolverConfiguration#thymeleafViewResolver matched:
      - @ConditionalOnMissingBean (names: thymeleafViewResolver; SearchStrategy: all) did not find any beans (OnBeanCondition)

   TomcatServletWebServerAutoConfiguration matched:
      - @ConditionalOnClass found required classes 'jakarta.servlet.ServletRequest', 'org.apache.catalina.startup.Tomcat', 'org.apache.coyote.UpgradeProtocol', 'org.springframework.boot.tomcat.servlet.TomcatServletWebServerFactory' (OnClassCondition)
      - found 'session' scope (OnWebApplicationCondition)

   TomcatServletWebServerAutoConfiguration#tomcatServletWebServerFactory matched:
      - @ConditionalOnMissingBean (types: org.springframework.boot.web.server.servlet.ServletWebServerFactory; SearchStrategy: current) did not find any beans (OnBeanCondition)

   TomcatWebServerConfiguration matched:
      - @ConditionalOnWarDeployment the application is not deployed as a WAR file. (OnWarDeploymentCondition)

   TomcatWebServerConfiguration.TomcatWebSocketConfiguration matched:
      - @ConditionalOnClass found required class 'org.apache.tomcat.websocket.server.WsSci' (OnClassCondition)

   TransactionAutoConfiguration matched:
      - @ConditionalOnClass found required class 'org.springframework.transaction.PlatformTransactionManager' (OnClassCondition)

   TransactionAutoConfiguration.EnableTransactionManagementConfiguration matched:
      - @ConditionalOnBean (types: org.springframework.transaction.TransactionManager; SearchStrategy: all) found bean 'transactionManager'; @ConditionalOnMissingBean (types: org.springframework.transaction.annotation.AbstractTransactionManagementConfiguration; SearchStrategy: all) did not find any beans (OnBeanCondition)

   TransactionAutoConfiguration.EnableTransactionManagementConfiguration.CglibAutoProxyConfiguration matched:
      - @ConditionalOnBooleanProperty (spring.aop.proxy-target-class=true) matched (OnPropertyCondition)

   TransactionAutoConfiguration.TransactionTemplateConfiguration matched:
      - @ConditionalOnSingleCandidate (types: org.springframework.transaction.PlatformTransactionManager; SearchStrategy: all) found a single bean 'transactionManager' (OnBeanCondition)

   TransactionAutoConfiguration.TransactionTemplateConfiguration#transactionTemplate matched:
      - @ConditionalOnMissingBean (types: org.springframework.transaction.support.TransactionOperations; SearchStrategy: all) did not find any beans (OnBeanCondition)

   TransactionManagerCustomizationAutoConfiguration matched:
      - @ConditionalOnClass found required class 'org.springframework.transaction.PlatformTransactionManager' (OnClassCondition)

   TransactionManagerCustomizationAutoConfiguration#platformTransactionManagerCustomizers matched:
      - @ConditionalOnMissingBean (types: org.springframework.boot.transaction.autoconfigure.TransactionManagerCustomizers; SearchStrategy: all) did not find any beans (OnBeanCondition)

   WebMvcAutoConfiguration matched:
      - @ConditionalOnClass found required classes 'jakarta.servlet.Servlet', 'org.springframework.web.servlet.DispatcherServlet', 'org.springframework.web.servlet.config.annotation.WebMvcConfigurer' (OnClassCondition)
      - found 'session' scope (OnWebApplicationCondition)
      - @ConditionalOnMissingBean (types: org.springframework.web.servlet.config.annotation.WebMvcConfigurationSupport; SearchStrategy: all) did not find any beans (OnBeanCondition)

   WebMvcAutoConfiguration#formContentFilter matched:
      - @ConditionalOnBooleanProperty (spring.mvc.formcontent.filter.enabled=true) matched (OnPropertyCondition)
      - @ConditionalOnMissingBean (types: org.springframework.web.filter.FormContentFilter; SearchStrategy: all) did not find any beans (OnBeanCondition)

   WebMvcAutoConfiguration.EnableWebMvcConfiguration#flashMapManager matched:
      - @ConditionalOnMissingBean (names: flashMapManager; SearchStrategy: all) did not find any beans (OnBeanCondition)

   WebMvcAutoConfiguration.EnableWebMvcConfiguration#localeResolver matched:
      - @ConditionalOnMissingBean (names: localeResolver; SearchStrategy: all) did not find any beans (OnBeanCondition)

   WebMvcAutoConfiguration.EnableWebMvcConfiguration#viewNameTranslator matched:
      - @ConditionalOnMissingBean (names: viewNameTranslator; SearchStrategy: all) did not find any beans (OnBeanCondition)

   WebMvcAutoConfiguration.WebMvcAutoConfigurationAdapter#defaultViewResolver matched:
      - @ConditionalOnMissingBean (types: org.springframework.web.servlet.view.InternalResourceViewResolver; SearchStrategy: all) did not find any beans (OnBeanCondition)

   WebMvcAutoConfiguration.WebMvcAutoConfigurationAdapter#requestContextFilter matched:
      - @ConditionalOnMissingBean (types: org.springframework.web.context.request.RequestContextListener,org.springframework.web.filter.RequestContextFilter; SearchStrategy: all) did not find any beans (OnBeanCondition)

   WebMvcAutoConfiguration.WebMvcAutoConfigurationAdapter#viewResolver matched:
      - @ConditionalOnBean (types: org.springframework.web.servlet.ViewResolver; SearchStrategy: all) found beans 'defaultViewResolver', 'beanNameViewResolver', 'mvcViewResolver'; @ConditionalOnMissingBean (names: viewResolver types: org.springframework.web.servlet.view.ContentNegotiatingViewResolver; SearchStrategy: all) did not find any beans (OnBeanCondition)


Negative matches:
-----------------

   AopAutoConfiguration.AspectJAutoProxyingConfiguration.JdkDynamicAutoProxyConfiguration:
      Did not match:
         - @ConditionalOnBooleanProperty (spring.aop.proxy-target-class=false) did not find property 'spring.aop.proxy-target-class' (OnPropertyCondition)

   AopAutoConfiguration.ClassProxyingConfiguration:
      Did not match:
         - @ConditionalOnMissingClass found unwanted class 'org.aspectj.weaver.Advice' (OnClassCondition)

   DataJpaRepositoriesAutoConfiguration#entityManagerFactoryBootstrapExecutorCustomizer:
      Did not match:
         - AnyNestedCondition 0 matched 2 did not; NestedCondition on DataJpaRepositoriesAutoConfiguration.BootstrapExecutorCondition.LazyBootstrapMode @ConditionalOnProperty (spring.data.jpa.repositories.bootstrap-mode=lazy) did not find property 'spring.data.jpa.repositories.bootstrap-mode'; NestedCondition on DataJpaRepositoriesAutoConfiguration.BootstrapExecutorCondition.DeferredBootstrapMode @ConditionalOnProperty (spring.data.jpa.repositories.bootstrap-mode=deferred) did not find property 'spring.data.jpa.repositories.bootstrap-mode' (DataJpaRepositoriesAutoConfiguration.BootstrapExecutorCondition)

   DataRepositoryMetricsAutoConfiguration:
      Did not match:
         - @ConditionalOnBean did not find required type 'io.micrometer.core.instrument.MeterRegistry' (OnBeanCondition)

   DataSourceAutoConfiguration.EmbeddedDatabaseConfiguration:
      Did not match:
         - EmbeddedDataSource spring.datasource.url is set (DataSourceAutoConfiguration.EmbeddedDatabaseCondition)

   DataSourceCheckpointRestoreConfiguration:
      Did not match:
         - @ConditionalOnClass did not find required class 'org.crac.Resource' (OnClassCondition)

   DataSourceConfiguration.Dbcp2:
      Did not match:
         - @ConditionalOnClass did not find required class 'org.apache.commons.dbcp2.BasicDataSource' (OnClassCondition)

   DataSourceConfiguration.Generic:
      Did not match:
         - @ConditionalOnProperty (spring.datasource.type) did not find property 'spring.datasource.type' (OnPropertyCondition)

   DataSourceConfiguration.OracleUcp:
      Did not match:
         - @ConditionalOnClass did not find required classes 'oracle.ucp.jdbc.PoolDataSourceImpl', 'oracle.jdbc.OracleConnection' (OnClassCondition)

   DataSourceConfiguration.Tomcat:
      Did not match:
         - @ConditionalOnClass did not find required class 'org.apache.tomcat.jdbc.pool.DataSource' (OnClassCondition)

   DataSourceHealthContributorAutoConfiguration:
      Did not match:
         - @ConditionalOnClass did not find required class 'org.springframework.boot.health.autoconfigure.contributor.ConditionalOnEnabledHealthIndicator' (OnClassCondition)

   DataSourceJmxConfiguration:
      Did not match:
         - @ConditionalOnBooleanProperty (spring.jmx.enabled=true) did not find property 'spring.jmx.enabled' (OnPropertyCondition)

   DataSourcePoolMetadataProvidersConfiguration.CommonsDbcp2PoolDataSourceMetadataProviderConfiguration:
      Did not match:
         - @ConditionalOnClass did not find required class 'org.apache.commons.dbcp2.BasicDataSource' (OnClassCondition)

   DataSourcePoolMetadataProvidersConfiguration.OracleUcpPoolDataSourceMetadataProviderConfiguration:
      Did not match:
         - @ConditionalOnClass did not find required classes 'oracle.ucp.jdbc.PoolDataSource', 'oracle.jdbc.OracleConnection' (OnClassCondition)

   DataSourcePoolMetadataProvidersConfiguration.TomcatDataSourcePoolMetadataProviderConfiguration:
      Did not match:
         - @ConditionalOnClass did not find required class 'org.apache.tomcat.jdbc.pool.DataSource' (OnClassCondition)

   DataSourcePoolMetricsAutoConfiguration:
      Did not match:
         - @ConditionalOnClass did not find required class 'io.micrometer.core.instrument.MeterRegistry' (OnClassCondition)

   DataSourceTransactionManagerAutoConfiguration.JdbcTransactionManagerConfiguration#transactionManager:
      Did not match:
         - @ConditionalOnMissingBean (types: org.springframework.transaction.TransactionManager; SearchStrategy: all) found beans of type 'org.springframework.transaction.TransactionManager' transactionManager (OnBeanCondition)

   DevToolsR2dbcAutoConfiguration:
      Did not match:
         - @ConditionalOnClass did not find required class 'io.r2dbc.spi.ConnectionFactory' (OnClassCondition)

   DispatcherServletAutoConfiguration.DispatcherServletConfiguration#multipartResolver:
      Did not match:
         - @ConditionalOnBean (types: org.springframework.web.multipart.MultipartResolver; SearchStrategy: all) did not find any beans of type org.springframework.web.multipart.MultipartResolver (OnBeanCondition)

   GsonHttpMessageConvertersConfiguration:
      Did not match:
         - @ConditionalOnClass did not find required class 'com.google.gson.Gson' (OnClassCondition)

   HibernateMetricsAutoConfiguration:
      Did not match:
         - @ConditionalOnClass did not find required class 'io.micrometer.core.instrument.MeterRegistry' (OnClassCondition)

   Jackson2HttpMessageConvertersConfiguration.MappingJackson2HttpMessageConverterConfiguration:
      Did not match:
         - @ConditionalOnClass did not find required class 'com.fasterxml.jackson.databind.ObjectMapper' (OnClassCondition)

   Jackson2HttpMessageConvertersConfiguration.MappingJackson2XmlHttpMessageConverterConfiguration:
      Did not match:
         - @ConditionalOnClass did not find required class 'com.fasterxml.jackson.dataformat.xml.XmlMapper' (OnClassCondition)

   JacksonAutoConfiguration.CborConfiguration:
      Did not match:
         - @ConditionalOnClass did not find required class 'tools.jackson.dataformat.cbor.CBORMapper' (OnClassCondition)

   JacksonAutoConfiguration.XmlConfiguration:
      Did not match:
         - @ConditionalOnClass did not find required class 'tools.jackson.dataformat.xml.XmlMapper' (OnClassCondition)

   JacksonHttpMessageConvertersConfiguration.JacksonXmlHttpMessageConverterConfiguration:
      Did not match:
         - @ConditionalOnClass did not find required class 'tools.jackson.dataformat.xml.XmlMapper' (OnClassCondition)

   JmxAutoConfiguration:
      Did not match:
         - @ConditionalOnBooleanProperty (spring.jmx.enabled=true) did not find property 'spring.jmx.enabled' (OnPropertyCondition)
      Matched:
         - @ConditionalOnClass found required class 'org.springframework.jmx.export.MBeanExporter' (OnClassCondition)

   JndiDataSourceAutoConfiguration:
      Did not match:
         - @ConditionalOnProperty (spring.datasource.jndi-name) did not find property 'spring.datasource.jndi-name' (OnPropertyCondition)
      Matched:
         - @ConditionalOnClass found required classes 'javax.sql.DataSource', 'org.springframework.jdbc.datasource.embedded.EmbeddedDatabaseType' (OnClassCondition)

   JndiJtaConfiguration:
      Did not match:
         - @ConditionalOnJndi JNDI environment is not available (OnJndiCondition)
      Matched:
         - @ConditionalOnClass found required class 'org.springframework.transaction.jta.JtaTransactionManager' (OnClassCondition)

   JsonbHttpMessageConvertersConfiguration:
      Did not match:
         - @ConditionalOnClass did not find required class 'jakarta.json.bind.Jsonb' (OnClassCondition)

   KotlinSerializationHttpMessageConvertersConfiguration:
      Did not match:
         - @ConditionalOnClass did not find required classes 'kotlinx.serialization.Serializable', 'kotlinx.serialization.json.Json' (OnClassCondition)

   LocalDevToolsAutoConfiguration.LiveReloadConfiguration:
      Did not match:
         - @ConditionalOnBooleanProperty (spring.devtools.livereload.enabled=true) did not find property 'spring.devtools.livereload.enabled' (OnPropertyCondition)

   ManagementWebSecurityAutoConfiguration:
      Did not match:
         - @ConditionalOnClass did not find required class 'org.springframework.boot.actuate.autoconfigure.endpoint.web.WebEndpointAutoConfiguration' (OnClassCondition)

   MessageSourceAutoConfiguration:
      Did not match:
         - ResourceBundle did not find bundle with basename messages (MessageSourceAutoConfiguration.ResourceBundleCondition)

   ProjectInfoAutoConfiguration#buildProperties:
      Did not match:
         - @ConditionalOnResource did not find resource '${spring.info.build.location:classpath:META-INF/build-info.properties}' (OnResourceCondition)

   ProjectInfoAutoConfiguration#gitProperties:
      Did not match:
         - GitResource did not find git info at classpath:git.properties (ProjectInfoAutoConfiguration.GitResourceAvailableCondition)

   RSocketSecurityAutoConfiguration:
      Did not match:
         - @ConditionalOnClass did not find required class 'org.springframework.boot.rsocket.server.RSocketServerCustomizer' (OnClassCondition)

   ReactiveManagementWebSecurityAutoConfiguration:
      Did not match:
         - @ConditionalOnClass did not find required class 'org.springframework.boot.actuate.autoconfigure.endpoint.web.WebEndpointAutoConfiguration' (OnClassCondition)

   ReactiveUserDetailsServiceAutoConfiguration:
      Did not match:
         - AnyNestedCondition 0 matched 2 did not; NestedCondition on ReactiveUserDetailsServiceAutoConfiguration.RSocketEnabledOrReactiveWebApplication.ReactiveWebApplicationCondition did not find reactive web application classes; NestedCondition on ReactiveUserDetailsServiceAutoConfiguration.RSocketEnabledOrReactiveWebApplication.RSocketSecurityEnabledCondition @ConditionalOnBean (types: org.springframework.messaging.rsocket.annotation.support.RSocketMessageHandler; SearchStrategy: all) did not find any beans of type org.springframework.messaging.rsocket.annotation.support.RSocketMessageHandler (ReactiveUserDetailsServiceAutoConfiguration.RSocketEnabledOrReactiveWebApplication)
      Matched:
         - @ConditionalOnClass found required class 'org.springframework.security.authentication.ReactiveAuthenticationManager' (OnClassCondition)
         - AnyNestedCondition 1 matched 2 did not; NestedCondition on MissingAlternativeUserDetailsManagerOrUserPropertiesConfigured.PasswordConfigured @ConditionalOnProperty (spring.security.user.password) did not find property 'spring.security.user.password'; NestedCondition on MissingAlternativeUserDetailsManagerOrUserPropertiesConfigured.NameConfigured @ConditionalOnProperty (spring.security.user.name) did not find property 'spring.security.user.name'; NestedCondition on MissingAlternativeUserDetailsManagerOrUserPropertiesConfigured.MissingAlternative @ConditionalOnMissingClass did not find unwanted classes 'org.springframework.security.oauth2.client.registration.ClientRegistrationRepository', 'org.springframework.security.oauth2.server.resource.introspection.OpaqueTokenIntrospector', 'org.springframework.security.saml2.provider.service.registration.RelyingPartyRegistrationRepository' (MissingAlternativeUserDetailsManagerOrUserPropertiesConfigured)

   ReactiveWebSecurityAutoConfiguration:
      Did not match:
         - @ConditionalOnClass did not find required class 'reactor.core.publisher.Flux' (OnClassCondition)

   RemoteDevToolsAutoConfiguration:
      Did not match:
         - @ConditionalOnProperty (spring.devtools.remote.secret) did not find property 'spring.devtools.remote.secret' (OnPropertyCondition)
      Matched:
         - @ConditionalOnClass found required classes 'jakarta.servlet.Filter', 'org.springframework.http.server.ServerHttpRequest', 'org.springframework.boot.web.server.autoconfigure.ServerProperties' (OnClassCondition)

   SecurityAutoConfiguration.SecurityDataConfiguration:
      Did not match:
         - @ConditionalOnClass did not find required class 'org.springframework.security.data.repository.query.SecurityEvaluationContextExtension' (OnClassCondition)

   ServletHttpExchangesAutoConfiguration:
      Did not match:
         - @ConditionalOnBean did not find required type 'org.springframework.boot.actuate.web.exchanges.HttpExchangeRepository' (OnBeanCondition)

   ServletManagementContextAutoConfiguration:
      Did not match:
         - @ConditionalOnClass did not find required class 'org.springframework.boot.actuate.autoconfigure.endpoint.web.WebEndpointProperties' (OnClassCondition)

   ServletMappingsAutoConfiguration:
      Did not match:
         - @ConditionalOnClass did not find required class 'org.springframework.boot.actuate.autoconfigure.endpoint.condition.ConditionalOnAvailableEndpoint' (OnClassCondition)

   ServletWebSecurityAutoConfiguration.EnableWebSecurityConfiguration:
      Did not match:
         - @ConditionalOnMissingBean (names: springSecurityFilterChain; SearchStrategy: all) found beans named springSecurityFilterChain (OnBeanCondition)
      Matched:
         - @ConditionalOnClass found required class 'org.springframework.security.config.annotation.web.configuration.EnableWebSecurity' (OnClassCondition)

   ServletWebSecurityAutoConfiguration.SecurityFilterChainConfiguration:
      Did not match:
         - AllNestedConditions 1 matched 1 did not; NestedCondition on DefaultWebSecurityCondition.Beans @ConditionalOnMissingBean (types: org.springframework.security.web.SecurityFilterChain; SearchStrategy: all) found beans of type 'org.springframework.security.web.SecurityFilterChain' securityFilterChain; NestedCondition on DefaultWebSecurityCondition.Classes @ConditionalOnClass found required classes 'org.springframework.security.web.SecurityFilterChain', 'org.springframework.security.config.annotation.web.builders.HttpSecurity' (DefaultWebSecurityCondition)

   ServletWebServerConfiguration#forwardedHeaderFilter:
      Did not match:
         - @ConditionalOnProperty (server.forward-headers-strategy=framework) did not find property 'server.forward-headers-strategy' (OnPropertyCondition)

   SpringApplicationAdminJmxAutoConfiguration:
      Did not match:
         - @ConditionalOnBooleanProperty (spring.application.admin.enabled=true) did not find property 'spring.application.admin.enabled' (OnPropertyCondition)

   TaskExecutorConfigurations.AsyncConfigurerWrapperConfiguration:
      Did not match:
         - @ConditionalOnBean (types: org.springframework.scheduling.annotation.AsyncConfigurer; SearchStrategy: all) did not find any beans of type org.springframework.scheduling.annotation.AsyncConfigurer (OnBeanCondition)

   TaskExecutorConfigurations.SimpleAsyncTaskExecutorBuilderConfiguration#simpleAsyncTaskExecutorBuilderVirtualThreads:
      Did not match:
         - @ConditionalOnMissingBean (types: org.springframework.boot.task.SimpleAsyncTaskExecutorBuilder; SearchStrategy: all) found beans of type 'org.springframework.boot.task.SimpleAsyncTaskExecutorBuilder' simpleAsyncTaskExecutorBuilder (OnBeanCondition)

   TaskExecutorConfigurations.TaskExecutorConfiguration#applicationTaskExecutorVirtualThreads:
      Did not match:
         - @ConditionalOnThreading did not find VIRTUAL (OnThreadingCondition)

   TaskSchedulingAutoConfiguration#scheduledBeanLazyInitializationExcludeFilter:
      Did not match:
         - @ConditionalOnBean (names: org.springframework.scheduling.config.internalScheduledAnnotationProcessor; SearchStrategy: all) did not find any beans named org.springframework.scheduling.config.internalScheduledAnnotationProcessor (OnBeanCondition)

   TaskSchedulingConfigurations.SimpleAsyncTaskSchedulerBuilderConfiguration#simpleAsyncTaskSchedulerBuilderVirtualThreads:
      Did not match:
         - @ConditionalOnMissingBean (types: org.springframework.boot.task.SimpleAsyncTaskSchedulerBuilder; SearchStrategy: all) found beans of type 'org.springframework.boot.task.SimpleAsyncTaskSchedulerBuilder' simpleAsyncTaskSchedulerBuilder (OnBeanCondition)

   TaskSchedulingConfigurations.TaskSchedulerConfiguration:
      Did not match:
         - @ConditionalOnBean (names: org.springframework.scheduling.config.internalScheduledAnnotationProcessor; SearchStrategy: all) did not find any beans named org.springframework.scheduling.config.internalScheduledAnnotationProcessor (OnBeanCondition)

   TemplateEngineConfigurations.ReactiveTemplateEngineConfiguration:
      Did not match:
         - did not find reactive web application classes (OnWebApplicationCondition)

   ThymeleafAutoConfiguration.DataAttributeDialectConfiguration:
      Did not match:
         - @ConditionalOnClass did not find required class 'com.github.mxab.thymeleaf.extras.dataattribute.dialect.DataAttributeDialect' (OnClassCondition)

   ThymeleafAutoConfiguration.ThymeleafSecurityDialectConfiguration:
      Did not match:
         - @ConditionalOnClass did not find required class 'org.thymeleaf.extras.springsecurity6.dialect.SpringSecurityDialect' (OnClassCondition)

   ThymeleafAutoConfiguration.ThymeleafWebFluxConfiguration:
      Did not match:
         - did not find reactive web application classes (OnWebApplicationCondition)

   ThymeleafAutoConfiguration.ThymeleafWebLayoutConfiguration:
      Did not match:
         - @ConditionalOnClass did not find required class 'nz.net.ultraq.thymeleaf.layoutdialect.LayoutDialect' (OnClassCondition)

   ThymeleafAutoConfiguration.ThymeleafWebMvcConfiguration#resourceUrlEncodingFilter:
      Did not match:
         - @ConditionalOnEnabledResourceChain did not find class org.webjars.WebJarVersionLocator (OnEnabledResourceChainCondition)

   TomcatMetricsAutoConfiguration:
      Did not match:
         - @ConditionalOnClass did not find required class 'io.micrometer.core.instrument.binder.tomcat.TomcatMetrics' (OnClassCondition)

   TomcatReactiveManagementContextAutoConfiguration:
      Did not match:
         - @ConditionalOnClass did not find required class 'org.springframework.boot.actuate.autoconfigure.web.server.ManagementContextFactory' (OnClassCondition)

   TomcatReactiveWebServerAutoConfiguration:
      Did not match:
         - @ConditionalOnWebApplication did not find reactive web application classes (OnWebApplicationCondition)

   TomcatServletManagementContextAutoConfiguration:
      Did not match:
         - @ConditionalOnClass did not find required class 'org.springframework.boot.actuate.autoconfigure.web.server.ManagementContextFactory' (OnClassCondition)

   TomcatServletWebServerAutoConfiguration#tomcatForwardedHeaderFilterCustomizer:
      Did not match:
         - @ConditionalOnProperty (server.forward-headers-strategy=framework) did not find property 'server.forward-headers-strategy' (OnPropertyCondition)

   TomcatWebServerConfiguration#tomcatVirtualThreadsProtocolHandlerCustomizer:
      Did not match:
         - @ConditionalOnThreading did not find VIRTUAL (OnThreadingCondition)

   TransactionAutoConfiguration#transactionalOperator:
      Did not match:
         - @ConditionalOnSingleCandidate (types: org.springframework.transaction.ReactiveTransactionManager; SearchStrategy: all) did not find any beans (OnBeanCondition)

   TransactionAutoConfiguration.AspectJTransactionManagementConfiguration:
      Did not match:
         - @ConditionalOnBean (types: org.springframework.transaction.aspectj.AbstractTransactionAspect; SearchStrategy: all) did not find any beans of type org.springframework.transaction.aspectj.AbstractTransactionAspect (OnBeanCondition)

   TransactionAutoConfiguration.EnableTransactionManagementConfiguration.JdkDynamicAutoProxyConfiguration:
      Did not match:
         - @ConditionalOnBooleanProperty (spring.aop.proxy-target-class=false) did not find property 'spring.aop.proxy-target-class' (OnPropertyCondition)

   UserDetailsServiceAutoConfiguration:
      Did not match:
         - @ConditionalOnMissingBean (types: org.springframework.security.authentication.AuthenticationManager,org.springframework.security.authentication.AuthenticationProvider,org.springframework.security.core.userdetails.UserDetailsService,org.springframework.security.authentication.AuthenticationManagerResolver,org.springframework.security.oauth2.jwt.JwtDecoder; SearchStrategy: all) found beans of type 'org.springframework.security.authentication.AuthenticationManager' authenticationManager and found beans of type 'org.springframework.security.core.userdetails.UserDetailsService' appUserDetailsService (OnBeanCondition)
      Matched:
         - @ConditionalOnClass found required class 'org.springframework.security.authentication.AuthenticationManager' (OnClassCondition)
         - found 'session' scope (OnWebApplicationCondition)
         - AnyNestedCondition 1 matched 2 did not; NestedCondition on MissingAlternativeUserDetailsManagerOrUserPropertiesConfigured.PasswordConfigured @ConditionalOnProperty (spring.security.user.password) did not find property 'spring.security.user.password'; NestedCondition on MissingAlternativeUserDetailsManagerOrUserPropertiesConfigured.NameConfigured @ConditionalOnProperty (spring.security.user.name) did not find property 'spring.security.user.name'; NestedCondition on MissingAlternativeUserDetailsManagerOrUserPropertiesConfigured.MissingAlternative @ConditionalOnMissingClass did not find unwanted classes 'org.springframework.security.oauth2.client.registration.ClientRegistrationRepository', 'org.springframework.security.oauth2.server.resource.introspection.OpaqueTokenIntrospector', 'org.springframework.security.saml2.provider.service.registration.RelyingPartyRegistrationRepository' (MissingAlternativeUserDetailsManagerOrUserPropertiesConfigured)

   WebMvcAutoConfiguration#hiddenHttpMethodFilter:
      Did not match:
         - @ConditionalOnBooleanProperty (spring.mvc.hiddenmethod.filter.enabled=true) did not find property 'spring.mvc.hiddenmethod.filter.enabled' (OnPropertyCondition)

   WebMvcAutoConfiguration.ProblemDetailsErrorHandlingConfiguration:
      Did not match:
         - @ConditionalOnBooleanProperty (spring.mvc.problemdetails.enabled=true) did not find property 'spring.mvc.problemdetails.enabled' (OnPropertyCondition)

   WebMvcAutoConfiguration.ResourceChainCustomizerConfiguration:
      Did not match:
         - @ConditionalOnEnabledResourceChain did not find class org.webjars.WebJarVersionLocator (OnEnabledResourceChainCondition)

   WebMvcAutoConfiguration.WebMvcAutoConfigurationAdapter#beanNameViewResolver:
      Did not match:
         - @ConditionalOnMissingBean (types: org.springframework.web.servlet.view.BeanNameViewResolver; SearchStrategy: all) found beans of type 'org.springframework.web.servlet.view.BeanNameViewResolver' beanNameViewResolver (OnBeanCondition)

   WebMvcHealthEndpointExtensionAutoConfiguration:
      Did not match:
         - @ConditionalOnClass did not find required class 'org.springframework.boot.health.actuate.endpoint.HealthEndpoint' (OnClassCondition)

   WebMvcMappingsAutoConfiguration:
      Did not match:
         - @ConditionalOnClass did not find required class 'org.springframework.boot.actuate.autoconfigure.endpoint.condition.ConditionalOnAvailableEndpoint' (OnClassCondition)

   WebMvcObservationAutoConfiguration:
      Did not match:
         - @ConditionalOnClass did not find required class 'org.springframework.boot.micrometer.observation.autoconfigure.ObservationProperties' (OnClassCondition)

   XADataSourceAutoConfiguration:
      Did not match:
         - @ConditionalOnBean (types: org.springframework.boot.jdbc.XADataSourceWrapper; SearchStrategy: all) did not find any beans of type org.springframework.boot.jdbc.XADataSourceWrapper (OnBeanCondition)
      Matched:
         - @ConditionalOnClass found required classes 'javax.sql.DataSource', 'jakarta.transaction.TransactionManager', 'org.springframework.jdbc.datasource.embedded.EmbeddedDatabaseType' (OnClassCondition)


Exclusions:
-----------

    None


Unconditional classes:
----------------------

    org.springframework.boot.autoconfigure.context.ConfigurationPropertiesAutoConfiguration

    org.springframework.boot.autoconfigure.ssl.SslAutoConfiguration

    org.springframework.boot.autoconfigure.context.LifecycleAutoConfiguration

    org.springframework.boot.autoconfigure.context.PropertyPlaceholderAutoConfiguration

    org.springframework.boot.autoconfigure.availability.ApplicationAvailabilityAutoConfiguration

    org.springframework.boot.autoconfigure.info.ProjectInfoAutoConfiguration



2026-06-06T11:12:59.000+05:30  INFO 19036 --- [loan-system] [  restartedMain] com.cblos.LoanSystemApplication          : Started LoanSystemApplication in 14.742 seconds (process running for 15.584)
2026-06-06T11:12:59.000+05:30 DEBUG 19036 --- [loan-system] [  restartedMain] o.s.b.a.ApplicationAvailabilityBean      : Application availability state LivenessState changed to CORRECT
2026-06-06T11:12:59.013+05:30 DEBUG 19036 --- [loan-system] [  restartedMain] org.hibernate.SQL                        : 
    select
        count(*) 
    from
        app_user au1_0
Hibernate: 
    select
        count(*) 
    from
        app_user au1_0
2026-06-06T11:12:59.035+05:30 DEBUG 19036 --- [loan-system] [  restartedMain] o.s.boot.devtools.restart.Restarter      : Creating new Restarter for thread Thread[#1,main,5,main]
2026-06-06T11:12:59.037+05:30 DEBUG 19036 --- [loan-system] [  restartedMain] o.s.boot.devtools.restart.Restarter      : Immediately restarting application
2026-06-06T11:12:59.037+05:30 DEBUG 19036 --- [loan-system] [  restartedMain] o.s.boot.devtools.restart.Restarter      : Starting application com.cblos.LoanSystemApplication with URLs [file:/C:/Users/admin/OneDrive/Desktop/cblosvv/effective-succotash-main/demo-/target/classes/]
2026-06-06T11:12:59.037+05:30 DEBUG 19036 --- [loan-system] [  restartedMain] o.s.b.a.ApplicationAvailabilityBean      : Application availability state ReadinessState changed to ACCEPTING_TRAFFIC
2026-06-06T11:13:27.643+05:30  INFO 19036 --- [loan-system] [nio-2727-exec-1] o.a.c.c.C.[Tomcat].[localhost].[/]       : Initializing Spring DispatcherServlet 'dispatcherServlet'
2026-06-06T11:13:27.643+05:30  INFO 19036 --- [loan-system] [nio-2727-exec-1] o.s.web.servlet.DispatcherServlet        : Initializing Servlet 'dispatcherServlet'
2026-06-06T11:13:27.643+05:30 DEBUG 19036 --- [loan-system] [nio-2727-exec-1] o.s.web.servlet.DispatcherServlet        : Detected StandardServletMultipartResolver
2026-06-06T11:13:27.643+05:30 DEBUG 19036 --- [loan-system] [nio-2727-exec-1] o.s.web.servlet.DispatcherServlet        : Detected AcceptHeaderLocaleResolver
2026-06-06T11:13:27.643+05:30 DEBUG 19036 --- [loan-system] [nio-2727-exec-1] o.s.web.servlet.DispatcherServlet        : Detected org.springframework.web.servlet.view.DefaultRequestToViewNameTranslator@46804af1
2026-06-06T11:13:27.659+05:30 DEBUG 19036 --- [loan-system] [nio-2727-exec-1] o.s.web.servlet.DispatcherServlet        : Detected org.springframework.web.servlet.support.SessionFlashMapManager@75c1e7b0
2026-06-06T11:13:27.661+05:30 DEBUG 19036 --- [loan-system] [nio-2727-exec-1] o.s.web.servlet.DispatcherServlet        : enableLoggingRequestDetails='false': request parameters and headers will be masked to prevent unsafe logging of potentially sensitive data
2026-06-06T11:13:27.662+05:30  INFO 19036 --- [loan-system] [nio-2727-exec-1] o.s.web.servlet.DispatcherServlet        : Completed initialization in 19 ms
2026-06-06T11:13:27.677+05:30 DEBUG 19036 --- [loan-system] [nio-2727-exec-1] o.s.web.servlet.DispatcherServlet        : POST "/api/auth/login", parameters={}
2026-06-06T11:13:27.677+05:30 DEBUG 19036 --- [loan-system] [nio-2727-exec-1] s.w.s.m.m.a.RequestMappingHandlerMapping : Mapped to com.cblos.controller.AuthController#login(LoginRequest, HttpServletRequest)
2026-06-06T11:13:27.768+05:30 DEBUG 19036 --- [loan-system] [nio-2727-exec-1] m.m.a.RequestResponseBodyMethodProcessor : Read "application/json;charset=UTF-8" to [com.cblos.dto.LoginRequest@72d7b474]
2026-06-06T11:13:27.879+05:30 DEBUG 19036 --- [loan-system] [nio-2727-exec-1] org.hibernate.SQL                        : 
    select
        au1_0.id,
        au1_0.corporate_customer_id,
        au1_0.email,
        au1_0.loan_officer_id,
        au1_0.password,
        au1_0.role 
    from
        app_user au1_0 
    where
        au1_0.email=?
Hibernate: 
    select
        au1_0.id,
        au1_0.corporate_customer_id,
        au1_0.email,
        au1_0.loan_officer_id,
        au1_0.password,
        au1_0.role 
    from
        app_user au1_0 
    where
        au1_0.email=?
2026-06-06T11:13:27.979+05:30 DEBUG 19036 --- [loan-system] [nio-2727-exec-1] o.s.w.s.m.m.a.HttpEntityMethodProcessor  : Using 'application/json', given [*/*] and supported [application/json, application/*+json]
2026-06-06T11:13:27.979+05:30 DEBUG 19036 --- [loan-system] [nio-2727-exec-1] o.s.w.s.m.m.a.HttpEntityMethodProcessor  : Writing [{email=admin@bank.com, role=ADMIN, corporateCustomerId=null, loanOfficerId=null}]
2026-06-06T11:13:28.011+05:30 DEBUG 19036 --- [loan-system] [nio-2727-exec-1] o.s.web.servlet.DispatcherServlet        : Completed 200 OK
2026-06-06T11:13:28.043+05:30 DEBUG 19036 --- [loan-system] [nio-2727-exec-2] o.s.web.servlet.DispatcherServlet        : GET "/api/admin/staff/all", parameters={}
2026-06-06T11:13:28.043+05:30 DEBUG 19036 --- [loan-system] [nio-2727-exec-2] s.w.s.m.m.a.RequestMappingHandlerMapping : Mapped to com.cblos.controller.AdminController#getAllStaff()
2026-06-06T11:13:28.059+05:30 DEBUG 19036 --- [loan-system] [nio-2727-exec-2] org.hibernate.SQL                        : 
    select
        lo1_0.id,
        lo1_0.active_application_count,
        lo1_0.employee_email,
        lo1_0.employee_id,
        lo1_0.name,
        lo1_0.password,
        lo1_0.role 
    from
        officers lo1_0
Hibernate: 
    select
        lo1_0.id,
        lo1_0.active_application_count,
        lo1_0.employee_email,
        lo1_0.employee_id,
        lo1_0.name,
        lo1_0.password,
        lo1_0.role 
    from
        officers lo1_0
2026-06-06T11:13:28.059+05:30 DEBUG 19036 --- [loan-system] [nio-2727-exec-2] o.s.w.s.m.m.a.HttpEntityMethodProcessor  : Using 'application/json', given [*/*] and supported [application/json, application/*+json]
2026-06-06T11:13:28.059+05:30 DEBUG 19036 --- [loan-system] [nio-2727-exec-2] o.s.w.s.m.m.a.HttpEntityMethodProcessor  : Writing [[com.cblos.model.LoanOfficer@7953587c, com.cblos.model.LoanOfficer@b57049e, com.cblos.model.LoanOffi (truncated)...]
2026-06-06T11:13:28.076+05:30 DEBUG 19036 --- [loan-system] [nio-2727-exec-2] o.s.web.servlet.DispatcherServlet        : Completed 200 OK
2026-06-06T11:13:28.197+05:30 DEBUG 19036 --- [loan-system] [nio-2727-exec-4] o.s.web.servlet.DispatcherServlet        : POST "/api/admin/staff/onboard?employeeEmail=officer-20260606101641%40bank.com%20ddhilikumar346%40gmailcom%20officer-20260606102031%40bank.com%20dhilipkumarm555%40gmail.com%20dhilipkumarm556%40gmail.com", parameters={masked}
2026-06-06T11:13:28.197+05:30 DEBUG 19036 --- [loan-system] [nio-2727-exec-4] s.w.s.m.m.a.RequestMappingHandlerMapping : Mapped to com.cblos.controller.AdminController#onboardStaff(LoanOfficer, String)
2026-06-06T11:13:28.208+05:30 DEBUG 19036 --- [loan-system] [nio-2727-exec-4] m.m.a.RequestResponseBodyMethodProcessor : Read "application/json;charset=UTF-8" to [com.cblos.model.LoanOfficer@9e64af8]
2026-06-06T11:13:28.208+05:30 DEBUG 19036 --- [loan-system] [nio-2727-exec-4] org.hibernate.SQL                        : 
    select
        lo1_0.id,
        lo1_0.active_application_count,
        lo1_0.employee_email,
        lo1_0.employee_id,
        lo1_0.name,
        lo1_0.password,
        lo1_0.role 
    from
        officers lo1_0 
    where
        lo1_0.employee_id=?
Hibernate: 
    select
        lo1_0.id,
        lo1_0.active_application_count,
        lo1_0.employee_email,
        lo1_0.employee_id,
        lo1_0.name,
        lo1_0.password,
        lo1_0.role 
    from
        officers lo1_0 
    where
        lo1_0.employee_id=?
2026-06-06T11:13:28.221+05:30 DEBUG 19036 --- [loan-system] [nio-2727-exec-4] org.hibernate.SQL                        : 
    select
        lo1_0.id,
        lo1_0.active_application_count,
        lo1_0.employee_email,
        lo1_0.employee_id,
        lo1_0.name,
        lo1_0.password,
        lo1_0.role 
    from
        officers lo1_0 
    where
        lo1_0.employee_email=?
Hibernate: 
    select
        lo1_0.id,
        lo1_0.active_application_count,
        lo1_0.employee_email,
        lo1_0.employee_id,
        lo1_0.name,
        lo1_0.password,
        lo1_0.role 
    from
        officers lo1_0 
    where
        lo1_0.employee_email=?
2026-06-06T11:13:28.221+05:30 DEBUG 19036 --- [loan-system] [nio-2727-exec-4] org.hibernate.SQL                        : 
    select
        au1_0.id,
        au1_0.corporate_customer_id,
        au1_0.email,
        au1_0.loan_officer_id,
        au1_0.password,
        au1_0.role 
    from
        app_user au1_0 
    where
        au1_0.email=?
Hibernate: 
    select
        au1_0.id,
        au1_0.corporate_customer_id,
        au1_0.email,
        au1_0.loan_officer_id,
        au1_0.password,
        au1_0.role 
    from
        app_user au1_0 
    where
        au1_0.email=?
2026-06-06T11:13:28.240+05:30 DEBUG 19036 --- [loan-system] [nio-2727-exec-4] org.hibernate.SQL                        : 
    insert 
    into
        officers
        (active_application_count, employee_email, employee_id, name, password, role) 
    values
        (?, ?, ?, ?, ?, ?)
Hibernate: 
    insert 
    into
        officers
        (active_application_count, employee_email, employee_id, name, password, role) 
    values
        (?, ?, ?, ?, ?, ?)
2026-06-06T11:13:28.327+05:30 DEBUG 19036 --- [loan-system] [nio-2727-exec-4] org.hibernate.SQL                        : 
    insert 
    into
        app_user
        (corporate_customer_id, email, loan_officer_id, password, role) 
    values
        (?, ?, ?, ?, ?)
Hibernate: 
    insert 
    into
        app_user
        (corporate_customer_id, email, loan_officer_id, password, role) 
    values
        (?, ?, ?, ?, ?)
? [Security Vault] Dynamic login generated for OFFICER: officer-20260606101641@bank.com ddhilikumar346@gmailcom officer-20260606102031@bank.com dhilipkumarm555@gmail.com dhilipkumarm556@gmail.com
2026-06-06T11:13:28.343+05:30 DEBUG 19036 --- [loan-system] [nio-2727-exec-4] o.s.w.s.m.m.a.HttpEntityMethodProcessor  : Using 'application/json', given [*/*] and supported [application/json, application/*+json]
2026-06-06T11:13:28.343+05:30 DEBUG 19036 --- [loan-system] [nio-2727-exec-4] o.s.w.s.m.m.a.HttpEntityMethodProcessor  : Writing [com.cblos.model.LoanOfficer@9e64af8]
2026-06-06T11:13:28.343+05:30 DEBUG 19036 --- [loan-system] [nio-2727-exec-4] o.s.web.servlet.DispatcherServlet        : Completed 201 CREATED
2026-06-06T11:13:38.381+05:30 DEBUG 19036 --- [loan-system] [nio-2727-exec-5] o.s.web.servlet.DispatcherServlet        : POST "/api/auth/login", parameters={}
2026-06-06T11:13:38.381+05:30 DEBUG 19036 --- [loan-system] [nio-2727-exec-5] s.w.s.m.m.a.RequestMappingHandlerMapping : Mapped to com.cblos.controller.AuthController#login(LoginRequest, HttpServletRequest)
2026-06-06T11:13:38.384+05:30 DEBUG 19036 --- [loan-system] [nio-2727-exec-5] m.m.a.RequestResponseBodyMethodProcessor : Read "application/json;charset=UTF-8" to [com.cblos.dto.LoginRequest@5f9b9bf2]
2026-06-06T11:13:38.387+05:30 DEBUG 19036 --- [loan-system] [nio-2727-exec-5] org.hibernate.SQL                        : 
    select
        au1_0.id,
        au1_0.corporate_customer_id,
        au1_0.email,
        au1_0.loan_officer_id,
        au1_0.password,
        au1_0.role 
    from
        app_user au1_0 
    where
        au1_0.email=?
Hibernate: 
    select
        au1_0.id,
        au1_0.corporate_customer_id,
        au1_0.email,
        au1_0.loan_officer_id,
        au1_0.password,
        au1_0.role 
    from
        app_user au1_0 
    where
        au1_0.email=?
2026-06-06T11:13:38.453+05:30 DEBUG 19036 --- [loan-system] [nio-2727-exec-5] o.s.w.s.m.m.a.HttpEntityMethodProcessor  : Using 'application/json', given [*/*] and supported [application/json, application/*+json]
2026-06-06T11:13:38.453+05:30 DEBUG 19036 --- [loan-system] [nio-2727-exec-5] o.s.w.s.m.m.a.HttpEntityMethodProcessor  : Writing [{email=admin@bank.com, role=ADMIN, corporateCustomerId=null, loanOfficerId=null}]
2026-06-06T11:13:38.453+05:30 DEBUG 19036 --- [loan-system] [nio-2727-exec-5] o.s.web.servlet.DispatcherServlet        : Completed 200 OK
2026-06-06T11:13:38.469+05:30 DEBUG 19036 --- [loan-system] [nio-2727-exec-6] o.s.web.servlet.DispatcherServlet        : GET "/api/admin/staff/all", parameters={}
2026-06-06T11:13:38.469+05:30 DEBUG 19036 --- [loan-system] [nio-2727-exec-6] s.w.s.m.m.a.RequestMappingHandlerMapping : Mapped to com.cblos.controller.AdminController#getAllStaff()
2026-06-06T11:13:38.469+05:30 DEBUG 19036 --- [loan-system] [nio-2727-exec-6] org.hibernate.SQL                        : 
    select
        lo1_0.id,
        lo1_0.active_application_count,
        lo1_0.employee_email,
        lo1_0.employee_id,
        lo1_0.name,
        lo1_0.password,
        lo1_0.role 
    from
        officers lo1_0
Hibernate: 
    select
        lo1_0.id,
        lo1_0.active_application_count,
        lo1_0.employee_email,
        lo1_0.employee_id,
        lo1_0.name,
        lo1_0.password,
        lo1_0.role 
    from
        officers lo1_0
2026-06-06T11:13:38.469+05:30 DEBUG 19036 --- [loan-system] [nio-2727-exec-6] o.s.w.s.m.m.a.HttpEntityMethodProcessor  : Using 'application/json', given [*/*] and supported [application/json, application/*+json]
2026-06-06T11:13:38.469+05:30 DEBUG 19036 --- [loan-system] [nio-2727-exec-6] o.s.w.s.m.m.a.HttpEntityMethodProcessor  : Writing [[com.cblos.model.LoanOfficer@7fd1d64e, com.cblos.model.LoanOfficer@491d3e9e, com.cblos.model.LoanOff (truncated)...]
2026-06-06T11:13:38.469+05:30 DEBUG 19036 --- [loan-system] [nio-2727-exec-6] o.s.web.servlet.DispatcherServlet        : Completed 200 OK
2026-06-06T11:13:48.407+05:30 DEBUG 19036 --- [loan-system] [nio-2727-exec-9] o.s.web.servlet.DispatcherServlet        : POST "/api/auth/login", parameters={}
2026-06-06T11:13:48.408+05:30 DEBUG 19036 --- [loan-system] [nio-2727-exec-9] s.w.s.m.m.a.RequestMappingHandlerMapping : Mapped to com.cblos.controller.AuthController#login(LoginRequest, HttpServletRequest)
2026-06-06T11:13:48.410+05:30 DEBUG 19036 --- [loan-system] [nio-2727-exec-9] m.m.a.RequestResponseBodyMethodProcessor : Read "application/json;charset=UTF-8" to [com.cblos.dto.LoginRequest@6d40587f]
2026-06-06T11:13:48.411+05:30 DEBUG 19036 --- [loan-system] [nio-2727-exec-9] org.hibernate.SQL                        : 
    select
        au1_0.id,
        au1_0.corporate_customer_id,
        au1_0.email,
        au1_0.loan_officer_id,
        au1_0.password,
        au1_0.role 
    from
        app_user au1_0 
    where
        au1_0.email=?
Hibernate: 
    select
        au1_0.id,
        au1_0.corporate_customer_id,
        au1_0.email,
        au1_0.loan_officer_id,
        au1_0.password,
        au1_0.role 
    from
        app_user au1_0 
    where
        au1_0.email=?
2026-06-06T11:13:48.484+05:30 DEBUG 19036 --- [loan-system] [nio-2727-exec-9] o.s.w.s.m.m.a.HttpEntityMethodProcessor  : Using 'application/json', given [*/*] and supported [application/json, application/*+json]
2026-06-06T11:13:48.485+05:30 DEBUG 19036 --- [loan-system] [nio-2727-exec-9] o.s.w.s.m.m.a.HttpEntityMethodProcessor  : Writing [{email=admin@bank.com, role=ADMIN, corporateCustomerId=null, loanOfficerId=null}]
2026-06-06T11:13:48.487+05:30 DEBUG 19036 --- [loan-system] [nio-2727-exec-9] o.s.web.servlet.DispatcherServlet        : Completed 200 OK
2026-06-06T11:13:48.503+05:30 DEBUG 19036 --- [loan-system] [nio-2727-exec-8] o.s.web.servlet.DispatcherServlet        : GET "/api/admin/staff/all", parameters={}
2026-06-06T11:13:48.503+05:30 DEBUG 19036 --- [loan-system] [nio-2727-exec-8] s.w.s.m.m.a.RequestMappingHandlerMapping : Mapped to com.cblos.controller.AdminController#getAllStaff()
2026-06-06T11:13:48.506+05:30 DEBUG 19036 --- [loan-system] [nio-2727-exec-8] org.hibernate.SQL                        : 
    select
        lo1_0.id,
        lo1_0.active_application_count,
        lo1_0.employee_email,
        lo1_0.employee_id,
        lo1_0.name,
        lo1_0.password,
        lo1_0.role 
    from
        officers lo1_0
Hibernate: 
    select
        lo1_0.id,
        lo1_0.active_application_count,
        lo1_0.employee_email,
        lo1_0.employee_id,
        lo1_0.name,
        lo1_0.password,
        lo1_0.role 
    from
        officers lo1_0
2026-06-06T11:13:48.510+05:30 DEBUG 19036 --- [loan-system] [nio-2727-exec-8] o.s.w.s.m.m.a.HttpEntityMethodProcessor  : Using 'application/json', given [*/*] and supported [application/json, application/*+json]
2026-06-06T11:13:48.510+05:30 DEBUG 19036 --- [loan-system] [nio-2727-exec-8] o.s.w.s.m.m.a.HttpEntityMethodProcessor  : Writing [[com.cblos.model.LoanOfficer@556d3734, com.cblos.model.LoanOfficer@7b6c77bd, com.cblos.model.LoanOff (truncated)...]
2026-06-06T11:13:48.511+05:30 DEBUG 19036 --- [loan-system] [nio-2727-exec-8] o.s.web.servlet.DispatcherServlet        : Completed 200 OK
2026-06-06T11:13:59.725+05:30 DEBUG 19036 --- [loan-system] [nio-2727-exec-1] o.s.web.servlet.DispatcherServlet        : POST "/api/auth/login", parameters={}
2026-06-06T11:13:59.726+05:30 DEBUG 19036 --- [loan-system] [nio-2727-exec-1] s.w.s.m.m.a.RequestMappingHandlerMapping : Mapped to com.cblos.controller.AuthController#login(LoginRequest, HttpServletRequest)
2026-06-06T11:13:59.728+05:30 DEBUG 19036 --- [loan-system] [nio-2727-exec-1] m.m.a.RequestResponseBodyMethodProcessor : Read "application/json;charset=UTF-8" to [com.cblos.dto.LoginRequest@2748b34e]
2026-06-06T11:13:59.729+05:30 DEBUG 19036 --- [loan-system] [nio-2727-exec-1] org.hibernate.SQL                        : 
    select
        au1_0.id,
        au1_0.corporate_customer_id,
        au1_0.email,
        au1_0.loan_officer_id,
        au1_0.password,
        au1_0.role 
    from
        app_user au1_0 
    where
        au1_0.email=?
Hibernate: 
    select
        au1_0.id,
        au1_0.corporate_customer_id,
        au1_0.email,
        au1_0.loan_officer_id,
        au1_0.password,
        au1_0.role 
    from
        app_user au1_0 
    where
        au1_0.email=?
2026-06-06T11:13:59.821+05:30 DEBUG 19036 --- [loan-system] [nio-2727-exec-1] o.s.w.s.m.m.a.HttpEntityMethodProcessor  : Using 'application/json', given [*/*] and supported [application/json, application/*+json]
2026-06-06T11:13:59.823+05:30 DEBUG 19036 --- [loan-system] [nio-2727-exec-1] o.s.w.s.m.m.a.HttpEntityMethodProcessor  : Writing [{email=admin@bank.com, role=ADMIN, corporateCustomerId=null, loanOfficerId=null}]
2026-06-06T11:13:59.826+05:30 DEBUG 19036 --- [loan-system] [nio-2727-exec-1] o.s.web.servlet.DispatcherServlet        : Completed 200 OK
2026-06-06T11:13:59.849+05:30 DEBUG 19036 --- [loan-system] [nio-2727-exec-2] o.s.web.servlet.DispatcherServlet        : POST "/api/admin/staff/onboard?employeeEmail=officer-20260606101641%40bank.com", parameters={masked}
2026-06-06T11:13:59.849+05:30 DEBUG 19036 --- [loan-system] [nio-2727-exec-2] s.w.s.m.m.a.RequestMappingHandlerMapping : Mapped to com.cblos.controller.AdminController#onboardStaff(LoanOfficer, String)
2026-06-06T11:13:59.850+05:30 DEBUG 19036 --- [loan-system] [nio-2727-exec-2] m.m.a.RequestResponseBodyMethodProcessor : Read "application/json;charset=UTF-8" to [com.cblos.model.LoanOfficer@3e59656b]
2026-06-06T11:13:59.851+05:30 DEBUG 19036 --- [loan-system] [nio-2727-exec-2] org.hibernate.SQL                        : 
    select
        lo1_0.id,
        lo1_0.active_application_count,
        lo1_0.employee_email,
        lo1_0.employee_id,
        lo1_0.name,
        lo1_0.password,
        lo1_0.role 
    from
        officers lo1_0 
    where
        lo1_0.employee_id=?
Hibernate: 
    select
        lo1_0.id,
        lo1_0.active_application_count,
        lo1_0.employee_email,
        lo1_0.employee_id,
        lo1_0.name,
        lo1_0.password,
        lo1_0.role 
    from
        officers lo1_0 
    where
        lo1_0.employee_id=?
2026-06-06T11:13:59.854+05:30 DEBUG 19036 --- [loan-system] [nio-2727-exec-2] org.hibernate.SQL                        : 
    select
        lo1_0.id,
        lo1_0.active_application_count,
        lo1_0.employee_email,
        lo1_0.employee_id,
        lo1_0.name,
        lo1_0.password,
        lo1_0.role 
    from
        officers lo1_0 
    where
        lo1_0.employee_email=?
Hibernate: 
    select
        lo1_0.id,
        lo1_0.active_application_count,
        lo1_0.employee_email,
        lo1_0.employee_id,
        lo1_0.name,
        lo1_0.password,
        lo1_0.role 
    from
        officers lo1_0 
    where
        lo1_0.employee_email=?
2026-06-06T11:13:59.861+05:30 DEBUG 19036 --- [loan-system] [nio-2727-exec-2] .m.m.a.ExceptionHandlerExceptionResolver : Using @ExceptionHandler com.cblos.exception.GlobalExceptionHandler#handleIllegalState(IllegalStateException)
2026-06-06T11:13:59.862+05:30 DEBUG 19036 --- [loan-system] [nio-2727-exec-2] o.s.w.s.m.m.a.HttpEntityMethodProcessor  : Using 'application/json', given [*/*] and supported [application/json, application/*+json]
2026-06-06T11:13:59.863+05:30 DEBUG 19036 --- [loan-system] [nio-2727-exec-2] o.s.w.s.m.m.a.HttpEntityMethodProcessor  : Writing [ApiError[message=Validation Failed: This employee email is already assigned to another staff profile (truncated)...]
2026-06-06T11:13:59.866+05:30  WARN 19036 --- [loan-system] [nio-2727-exec-2] .m.m.a.ExceptionHandlerExceptionResolver : Resolved [java.lang.IllegalStateException: Validation Failed: This employee email is already assigned to another staff profile.]
2026-06-06T11:13:59.866+05:30 DEBUG 19036 --- [loan-system] [nio-2727-exec-2] o.s.web.servlet.DispatcherServlet        : Completed 400 BAD_REQUEST
2026-06-06T11:14:29.156+05:30 DEBUG 19036 --- [loan-system] [nio-2727-exec-3] o.s.web.servlet.DispatcherServlet        : POST "/api/auth/login", parameters={}
2026-06-06T11:14:29.156+05:30 DEBUG 19036 --- [loan-system] [nio-2727-exec-3] s.w.s.m.m.a.RequestMappingHandlerMapping : Mapped to com.cblos.controller.AuthController#login(LoginRequest, HttpServletRequest)
2026-06-06T11:14:29.156+05:30 DEBUG 19036 --- [loan-system] [nio-2727-exec-3] m.m.a.RequestResponseBodyMethodProcessor : Read "application/json;charset=UTF-8" to [com.cblos.dto.LoginRequest@183d81e7]
2026-06-06T11:14:29.156+05:30 DEBUG 19036 --- [loan-system] [nio-2727-exec-3] org.hibernate.SQL                        : 
    select
        au1_0.id,
        au1_0.corporate_customer_id,
        au1_0.email,
        au1_0.loan_officer_id,
        au1_0.password,
        au1_0.role 
    from
        app_user au1_0 
    where
        au1_0.email=?
Hibernate: 
    select
        au1_0.id,
        au1_0.corporate_customer_id,
        au1_0.email,
        au1_0.loan_officer_id,
        au1_0.password,
        au1_0.role 
    from
        app_user au1_0 
    where
        au1_0.email=?
2026-06-06T11:14:29.260+05:30 DEBUG 19036 --- [loan-system] [nio-2727-exec-3] o.s.w.s.m.m.a.HttpEntityMethodProcessor  : Using 'application/json', given [application/json, text/plain, */*] and supported [application/json, application/*+json]
2026-06-06T11:14:29.261+05:30 DEBUG 19036 --- [loan-system] [nio-2727-exec-3] o.s.w.s.m.m.a.HttpEntityMethodProcessor  : Writing [{email=admin@bank.com, role=ADMIN, corporateCustomerId=null, loanOfficerId=null}]
2026-06-06T11:14:29.262+05:30 DEBUG 19036 --- [loan-system] [nio-2727-exec-3] o.s.web.servlet.DispatcherServlet        : Completed 200 OK
2026-06-06T11:14:29.298+05:30 DEBUG 19036 --- [loan-system] [nio-2727-exec-5] o.s.web.servlet.DispatcherServlet        : GET "/api/admin/customers/pending", parameters={}
2026-06-06T11:14:29.298+05:30 DEBUG 19036 --- [loan-system] [nio-2727-exec-6] o.s.web.servlet.DispatcherServlet        : GET "/api/admin/staff/all", parameters={}
2026-06-06T11:14:29.299+05:30 DEBUG 19036 --- [loan-system] [nio-2727-exec-5] s.w.s.m.m.a.RequestMappingHandlerMapping : Mapped to com.cblos.controller.AdminController#listPendingCustomers()
2026-06-06T11:14:29.299+05:30 DEBUG 19036 --- [loan-system] [nio-2727-exec-6] s.w.s.m.m.a.RequestMappingHandlerMapping : Mapped to com.cblos.controller.AdminController#getAllStaff()
2026-06-06T11:14:29.306+05:30 DEBUG 19036 --- [loan-system] [nio-2727-exec-5] org.hibernate.SQL                        : 
    select
        cc1_0.id,
        cc1_0.password,
        cc1_0.business_address,
        cc1_0.company_email,
        cc1_0.company_name,
        cc1_0.industry_type,
        cc1_0.phone_number,
        cc1_0.rejection_reason,
        cc1_0.status,
        cc1_0.tax_id 
    from
        corporate_customer cc1_0
Hibernate: 
    select
        cc1_0.id,
        cc1_0.password,
        cc1_0.business_address,
        cc1_0.company_email,
        cc1_0.company_name,
        cc1_0.industry_type,
        cc1_0.phone_number,
        cc1_0.rejection_reason,
        cc1_0.status,
        cc1_0.tax_id 
    from
        corporate_customer cc1_0
2026-06-06T11:14:29.306+05:30 DEBUG 19036 --- [loan-system] [nio-2727-exec-6] org.hibernate.SQL                        : 
    select
        lo1_0.id,
        lo1_0.active_application_count,
        lo1_0.employee_email,
        lo1_0.employee_id,
        lo1_0.name,
        lo1_0.password,
        lo1_0.role 
    from
        officers lo1_0
Hibernate: 
    select
        lo1_0.id,
        lo1_0.active_application_count,
        lo1_0.employee_email,
        lo1_0.employee_id,
        lo1_0.name,
        lo1_0.password,
        lo1_0.role 
    from
        officers lo1_0
2026-06-06T11:14:29.312+05:30 DEBUG 19036 --- [loan-system] [nio-2727-exec-6] o.s.w.s.m.m.a.HttpEntityMethodProcessor  : Using 'application/json', given [application/json, text/plain, */*] and supported [application/json, application/*+json]
2026-06-06T11:14:29.312+05:30 DEBUG 19036 --- [loan-system] [nio-2727-exec-6] o.s.w.s.m.m.a.HttpEntityMethodProcessor  : Writing [[com.cblos.model.LoanOfficer@156d162a, com.cblos.model.LoanOfficer@145d2732, com.cblos.model.LoanOff (truncated)...]
2026-06-06T11:14:29.313+05:30 DEBUG 19036 --- [loan-system] [nio-2727-exec-6] o.s.web.servlet.DispatcherServlet        : Completed 200 OK
2026-06-06T11:14:29.316+05:30 DEBUG 19036 --- [loan-system] [nio-2727-exec-5] o.s.w.s.m.m.a.HttpEntityMethodProcessor  : Using 'application/json', given [application/json, text/plain, */*] and supported [application/json, application/*+json]
2026-06-06T11:14:29.316+05:30 DEBUG 19036 --- [loan-system] [nio-2727-exec-5] o.s.w.s.m.m.a.HttpEntityMethodProcessor  : Writing [[]]
2026-06-06T11:14:29.318+05:30 DEBUG 19036 --- [loan-system] [nio-2727-exec-5] o.s.web.servlet.DispatcherServlet        : Completed 200 OK
2026-06-06T11:14:55.334+05:30 DEBUG 19036 --- [loan-system] [nio-2727-exec-7] o.s.web.servlet.DispatcherServlet        : POST "/api/admin/staff/onboard?employeeEmail=dhilipkumarm555@gmail.com", parameters={masked}
2026-06-06T11:14:55.334+05:30 DEBUG 19036 --- [loan-system] [nio-2727-exec-7] s.w.s.m.m.a.RequestMappingHandlerMapping : Mapped to com.cblos.controller.AdminController#onboardStaff(LoanOfficer, String)
2026-06-06T11:14:55.338+05:30 DEBUG 19036 --- [loan-system] [nio-2727-exec-7] m.m.a.RequestResponseBodyMethodProcessor : Read "application/json;charset=UTF-8" to [com.cblos.model.LoanOfficer@37e8943a]
2026-06-06T11:14:55.342+05:30 DEBUG 19036 --- [loan-system] [nio-2727-exec-7] org.hibernate.SQL                        : 
    select
        lo1_0.id,
        lo1_0.active_application_count,
        lo1_0.employee_email,
        lo1_0.employee_id,
        lo1_0.name,
        lo1_0.password,
        lo1_0.role 
    from
        officers lo1_0 
    where
        lo1_0.employee_id=?
Hibernate: 
    select
        lo1_0.id,
        lo1_0.active_application_count,
        lo1_0.employee_email,
        lo1_0.employee_id,
        lo1_0.name,
        lo1_0.password,
        lo1_0.role 
    from
        officers lo1_0 
    where
        lo1_0.employee_id=?
2026-06-06T11:14:55.345+05:30 DEBUG 19036 --- [loan-system] [nio-2727-exec-7] org.hibernate.SQL                        : 
    select
        lo1_0.id,
        lo1_0.active_application_count,
        lo1_0.employee_email,
        lo1_0.employee_id,
        lo1_0.name,
        lo1_0.password,
        lo1_0.role 
    from
        officers lo1_0 
    where
        lo1_0.employee_email=?
Hibernate: 
    select
        lo1_0.id,
        lo1_0.active_application_count,
        lo1_0.employee_email,
        lo1_0.employee_id,
        lo1_0.name,
        lo1_0.password,
        lo1_0.role 
    from
        officers lo1_0 
    where
        lo1_0.employee_email=?
2026-06-06T11:14:55.347+05:30 DEBUG 19036 --- [loan-system] [nio-2727-exec-7] .m.m.a.ExceptionHandlerExceptionResolver : Using @ExceptionHandler com.cblos.exception.GlobalExceptionHandler#handleIllegalState(IllegalStateException)
2026-06-06T11:14:55.351+05:30 DEBUG 19036 --- [loan-system] [nio-2727-exec-7] o.s.w.s.m.m.a.HttpEntityMethodProcessor  : Using 'application/json', given [application/json, text/plain, */*] and supported [application/json, application/*+json]
2026-06-06T11:14:55.351+05:30 DEBUG 19036 --- [loan-system] [nio-2727-exec-7] o.s.w.s.m.m.a.HttpEntityMethodProcessor  : Writing [ApiError[message=Validation Failed: This employee email is already assigned to another staff profile (truncated)...]
2026-06-06T11:14:55.354+05:30  WARN 19036 --- [loan-system] [nio-2727-exec-7] .m.m.a.ExceptionHandlerExceptionResolver : Resolved [java.lang.IllegalStateException: Validation Failed: This employee email is already assigned to another staff profile.]
2026-06-06T11:14:55.355+05:30 DEBUG 19036 --- [loan-system] [nio-2727-exec-7] o.s.web.servlet.DispatcherServlet        : Completed 400 BAD_REQUEST
2026-06-06T11:15:05.323+05:30 DEBUG 19036 --- [loan-system] [nio-2727-exec-9] o.s.web.servlet.DispatcherServlet        : POST "/api/admin/staff/onboard?employeeEmail=dhilipkumarm@gmail.com", parameters={masked}
2026-06-06T11:15:05.325+05:30 DEBUG 19036 --- [loan-system] [nio-2727-exec-9] s.w.s.m.m.a.RequestMappingHandlerMapping : Mapped to com.cblos.controller.AdminController#onboardStaff(LoanOfficer, String)
2026-06-06T11:15:05.327+05:30 DEBUG 19036 --- [loan-system] [nio-2727-exec-9] m.m.a.RequestResponseBodyMethodProcessor : Read "application/json;charset=UTF-8" to [com.cblos.model.LoanOfficer@4dd69614]
2026-06-06T11:15:05.336+05:30 DEBUG 19036 --- [loan-system] [nio-2727-exec-9] org.hibernate.SQL                        : 
    select
        lo1_0.id,
        lo1_0.active_application_count,
        lo1_0.employee_email,
        lo1_0.employee_id,
        lo1_0.name,
        lo1_0.password,
        lo1_0.role 
    from
        officers lo1_0 
    where
        lo1_0.employee_id=?
Hibernate: 
    select
        lo1_0.id,
        lo1_0.active_application_count,
        lo1_0.employee_email,
        lo1_0.employee_id,
        lo1_0.name,
        lo1_0.password,
        lo1_0.role 
    from
        officers lo1_0 
    where
        lo1_0.employee_id=?
2026-06-06T11:15:05.342+05:30 DEBUG 19036 --- [loan-system] [nio-2727-exec-9] org.hibernate.SQL                        : 
    select
        lo1_0.id,
        lo1_0.active_application_count,
        lo1_0.employee_email,
        lo1_0.employee_id,
        lo1_0.name,
        lo1_0.password,
        lo1_0.role 
    from
        officers lo1_0 
    where
        lo1_0.employee_email=?
Hibernate: 
    select
        lo1_0.id,
        lo1_0.active_application_count,
        lo1_0.employee_email,
        lo1_0.employee_id,
        lo1_0.name,
        lo1_0.password,
        lo1_0.role 
    from
        officers lo1_0 
    where
        lo1_0.employee_email=?
2026-06-06T11:15:05.345+05:30 DEBUG 19036 --- [loan-system] [nio-2727-exec-9] org.hibernate.SQL                        : 
    select
        au1_0.id,
        au1_0.corporate_customer_id,
        au1_0.email,
        au1_0.loan_officer_id,
        au1_0.password,
        au1_0.role 
    from
        app_user au1_0 
    where
        au1_0.email=?
Hibernate: 
    select
        au1_0.id,
        au1_0.corporate_customer_id,
        au1_0.email,
        au1_0.loan_officer_id,
        au1_0.password,
        au1_0.role 
    from
        app_user au1_0 
    where
        au1_0.email=?
2026-06-06T11:15:05.347+05:30 DEBUG 19036 --- [loan-system] [nio-2727-exec-9] org.hibernate.SQL                        : 
    insert 
    into
        officers
        (active_application_count, employee_email, employee_id, name, password, role) 
    values
        (?, ?, ?, ?, ?, ?)
Hibernate: 
    insert 
    into
        officers
        (active_application_count, employee_email, employee_id, name, password, role) 
    values
        (?, ?, ?, ?, ?, ?)
2026-06-06T11:15:05.442+05:30 DEBUG 19036 --- [loan-system] [nio-2727-exec-9] org.hibernate.SQL                        : 
    insert 
    into
        app_user
        (corporate_customer_id, email, loan_officer_id, password, role) 
    values
        (?, ?, ?, ?, ?)
Hibernate: 
    insert 
    into
        app_user
        (corporate_customer_id, email, loan_officer_id, password, role) 
    values
        (?, ?, ?, ?, ?)
? [Security Vault] Dynamic login generated for OFFICER: dhilipkumarm@gmail.com
2026-06-06T11:15:05.450+05:30 DEBUG 19036 --- [loan-system] [nio-2727-exec-9] o.s.w.s.m.m.a.HttpEntityMethodProcessor  : Using 'application/json', given [application/json, text/plain, */*] and supported [application/json, application/*+json]
2026-06-06T11:15:05.450+05:30 DEBUG 19036 --- [loan-system] [nio-2727-exec-9] o.s.w.s.m.m.a.HttpEntityMethodProcessor  : Writing [com.cblos.model.LoanOfficer@4dd69614]
2026-06-06T11:15:05.451+05:30 DEBUG 19036 --- [loan-system] [nio-2727-exec-9] o.s.web.servlet.DispatcherServlet        : Completed 201 CREATED
2026-06-06T11:15:05.460+05:30 DEBUG 19036 --- [loan-system] [io-2727-exec-10] o.s.web.servlet.DispatcherServlet        : GET "/api/admin/staff/all", parameters={}
2026-06-06T11:15:05.460+05:30 DEBUG 19036 --- [loan-system] [nio-2727-exec-8] o.s.web.servlet.DispatcherServlet        : GET "/api/admin/customers/pending", parameters={}
2026-06-06T11:15:05.460+05:30 DEBUG 19036 --- [loan-system] [io-2727-exec-10] s.w.s.m.m.a.RequestMappingHandlerMapping : Mapped to com.cblos.controller.AdminController#getAllStaff()
2026-06-06T11:15:05.460+05:30 DEBUG 19036 --- [loan-system] [nio-2727-exec-8] s.w.s.m.m.a.RequestMappingHandlerMapping : Mapped to com.cblos.controller.AdminController#listPendingCustomers()
2026-06-06T11:15:05.468+05:30 DEBUG 19036 --- [loan-system] [nio-2727-exec-8] org.hibernate.SQL                        : 
    select
        cc1_0.id,
        cc1_0.password,
        cc1_0.business_address,
        cc1_0.company_email,
        cc1_0.company_name,
        cc1_0.industry_type,
        cc1_0.phone_number,
        cc1_0.rejection_reason,
        cc1_0.status,
        cc1_0.tax_id 
    from
        corporate_customer cc1_0
Hibernate: 
    select
        cc1_0.id,
        cc1_0.password,
        cc1_0.business_address,
        cc1_0.company_email,
        cc1_0.company_name,
        cc1_0.industry_type,
        cc1_0.phone_number,
        cc1_0.rejection_reason,
        cc1_0.status,
        cc1_0.tax_id 
    from
        corporate_customer cc1_0
2026-06-06T11:15:05.468+05:30 DEBUG 19036 --- [loan-system] [io-2727-exec-10] org.hibernate.SQL                        : 
    select
        lo1_0.id,
        lo1_0.active_application_count,
        lo1_0.employee_email,
        lo1_0.employee_id,
        lo1_0.name,
        lo1_0.password,
        lo1_0.role 
    from
        officers lo1_0
Hibernate: 
    select
        lo1_0.id,
        lo1_0.active_application_count,
        lo1_0.employee_email,
        lo1_0.employee_id,
        lo1_0.name,
        lo1_0.password,
        lo1_0.role 
    from
        officers lo1_0
2026-06-06T11:15:05.475+05:30 DEBUG 19036 --- [loan-system] [io-2727-exec-10] o.s.w.s.m.m.a.HttpEntityMethodProcessor  : Using 'application/json', given [application/json, text/plain, */*] and supported [application/json, application/*+json]
2026-06-06T11:15:05.475+05:30 DEBUG 19036 --- [loan-system] [nio-2727-exec-8] o.s.w.s.m.m.a.HttpEntityMethodProcessor  : Using 'application/json', given [application/json, text/plain, */*] and supported [application/json, application/*+json]
2026-06-06T11:15:05.475+05:30 DEBUG 19036 --- [loan-system] [io-2727-exec-10] o.s.w.s.m.m.a.HttpEntityMethodProcessor  : Writing [[com.cblos.model.LoanOfficer@5454723f, com.cblos.model.LoanOfficer@3808094d, com.cblos.model.LoanOff (truncated)...]
2026-06-06T11:15:05.475+05:30 DEBUG 19036 --- [loan-system] [nio-2727-exec-8] o.s.w.s.m.m.a.HttpEntityMethodProcessor  : Writing [[]]
2026-06-06T11:15:05.475+05:30 DEBUG 19036 --- [loan-system] [io-2727-exec-10] o.s.web.servlet.DispatcherServlet        : Completed 200 OK
2026-06-06T11:15:05.475+05:30 DEBUG 19036 --- [loan-system] [nio-2727-exec-8] o.s.web.servlet.DispatcherServlet        : Completed 200 OK
2026-06-06T11:15:41.206+05:30 DEBUG 19036 --- [loan-system] [nio-2727-exec-1] o.s.web.servlet.DispatcherServlet        : POST "/api/auth/logout", parameters={}
2026-06-06T11:15:41.207+05:30 DEBUG 19036 --- [loan-system] [nio-2727-exec-1] s.w.s.m.m.a.RequestMappingHandlerMapping : Mapped to com.cblos.controller.AuthController#logout(HttpServletRequest)
2026-06-06T11:15:41.208+05:30 DEBUG 19036 --- [loan-system] [nio-2727-exec-1] o.s.w.s.m.m.a.HttpEntityMethodProcessor  : Using 'application/json', given [application/json, text/plain, */*] and supported [application/json, application/*+json]
2026-06-06T11:15:41.209+05:30 DEBUG 19036 --- [loan-system] [nio-2727-exec-1] o.s.w.s.m.m.a.HttpEntityMethodProcessor  : Writing [{status=OK, message=Logged out successfully.}]
2026-06-06T11:15:41.211+05:30 DEBUG 19036 --- [loan-system] [nio-2727-exec-1] o.s.web.servlet.DispatcherServlet        : Completed 200 OK
2026-06-06T11:16:05.785+05:30 DEBUG 19036 --- [loan-system] [nio-2727-exec-2] o.s.web.servlet.DispatcherServlet        : POST "/api/auth/login", parameters={}
2026-06-06T11:16:05.786+05:30 DEBUG 19036 --- [loan-system] [nio-2727-exec-2] s.w.s.m.m.a.RequestMappingHandlerMapping : Mapped to com.cblos.controller.AuthController#login(LoginRequest, HttpServletRequest)
2026-06-06T11:16:05.788+05:30 DEBUG 19036 --- [loan-system] [nio-2727-exec-2] m.m.a.RequestResponseBodyMethodProcessor : Read "application/json;charset=UTF-8" to [com.cblos.dto.LoginRequest@66e1e8f4]
2026-06-06T11:16:05.790+05:30 DEBUG 19036 --- [loan-system] [nio-2727-exec-2] org.hibernate.SQL                        : 
    select
        au1_0.id,
        au1_0.corporate_customer_id,
        au1_0.email,
        au1_0.loan_officer_id,
        au1_0.password,
        au1_0.role 
    from
        app_user au1_0 
    where
        au1_0.email=?
Hibernate: 
    select
        au1_0.id,
        au1_0.corporate_customer_id,
        au1_0.email,
        au1_0.loan_officer_id,
        au1_0.password,
        au1_0.role 
    from
        app_user au1_0 
    where
        au1_0.email=?
2026-06-06T11:16:05.881+05:30 DEBUG 19036 --- [loan-system] [nio-2727-exec-2] o.s.w.s.m.m.a.HttpEntityMethodProcessor  : Using 'application/json', given [application/json, text/plain, */*] and supported [application/json, application/*+json]
2026-06-06T11:16:05.881+05:30 DEBUG 19036 --- [loan-system] [nio-2727-exec-2] o.s.w.s.m.m.a.HttpEntityMethodProcessor  : Writing [{email=dhilipkumarm@gmail.com, role=OFFICER, corporateCustomerId=null, loanOfficerId=7}]
2026-06-06T11:16:05.881+05:30 DEBUG 19036 --- [loan-system] [nio-2727-exec-2] o.s.web.servlet.DispatcherServlet        : Completed 200 OK
2026-06-06T11:16:05.940+05:30 DEBUG 19036 --- [loan-system] [nio-2727-exec-4] o.s.web.servlet.DispatcherServlet        : GET "/api/loans/all", parameters={}
2026-06-06T11:16:05.942+05:30 DEBUG 19036 --- [loan-system] [nio-2727-exec-4] s.w.s.m.m.a.RequestMappingHandlerMapping : Mapped to com.cblos.controller.LoanApplicationController#getAllApplications()
2026-06-06T11:16:05.949+05:30 DEBUG 19036 --- [loan-system] [nio-2727-exec-4] org.hibernate.SQL                        : 
    select
        la1_0.application_id,
        la1_0.customer_id,
        la1_0.loan_amount,
        la1_0.officer_id,
        la1_0.loan_product_id,
        la1_0.loan_type,
        la1_0.requested_tenure_months,
        la1_0.status,
        la1_0.submission_date 
    from
        loan_application la1_0
Hibernate: 
    select
        la1_0.application_id,
        la1_0.customer_id,
        la1_0.loan_amount,
        la1_0.officer_id,
        la1_0.loan_product_id,
        la1_0.loan_type,
        la1_0.requested_tenure_months,
        la1_0.status,
        la1_0.submission_date 
    from
        loan_application la1_0
2026-06-06T11:16:05.964+05:30 DEBUG 19036 --- [loan-system] [nio-2727-exec-4] org.hibernate.SQL                        : 
    select
        cc1_0.id,
        cc1_0.password,
        cc1_0.business_address,
        cc1_0.company_email,
        cc1_0.company_name,
        cc1_0.industry_type,
        cc1_0.phone_number,
        cc1_0.rejection_reason,
        cc1_0.status,
        cc1_0.tax_id 
    from
        corporate_customer cc1_0 
    where
        cc1_0.id=?
Hibernate: 
    select
        cc1_0.id,
        cc1_0.password,
        cc1_0.business_address,
        cc1_0.company_email,
        cc1_0.company_name,
        cc1_0.industry_type,
        cc1_0.phone_number,
        cc1_0.rejection_reason,
        cc1_0.status,
        cc1_0.tax_id 
    from
        corporate_customer cc1_0 
    where
        cc1_0.id=?
2026-06-06T11:16:05.964+05:30 DEBUG 19036 --- [loan-system] [nio-2727-exec-4] org.hibernate.SQL                        : 
    select
        lo1_0.id,
        lo1_0.active_application_count,
        lo1_0.employee_email,
        lo1_0.employee_id,
        lo1_0.name,
        lo1_0.password,
        lo1_0.role 
    from
        officers lo1_0 
    where
        lo1_0.id=?
Hibernate: 
    select
        lo1_0.id,
        lo1_0.active_application_count,
        lo1_0.employee_email,
        lo1_0.employee_id,
        lo1_0.name,
        lo1_0.password,
        lo1_0.role 
    from
        officers lo1_0 
    where
        lo1_0.id=?
2026-06-06T11:16:05.977+05:30 DEBUG 19036 --- [loan-system] [nio-2727-exec-4] org.hibernate.SQL                        : 
    select
        lp1_0.id,
        lp1_0.default_interest_rate,
        lp1_0.description,
        lp1_0.max_loan_amount,
        lp1_0.max_tenure_months,
        lp1_0.min_loan_amount,
        lp1_0.min_tenure_months,
        lp1_0.product_name 
    from
        loan_products lp1_0 
    where
        lp1_0.id=?
Hibernate: 
    select
        lp1_0.id,
        lp1_0.default_interest_rate,
        lp1_0.description,
        lp1_0.max_loan_amount,
        lp1_0.max_tenure_months,
        lp1_0.min_loan_amount,
        lp1_0.min_tenure_months,
        lp1_0.product_name 
    from
        loan_products lp1_0 
    where
        lp1_0.id=?
2026-06-06T11:16:05.986+05:30 DEBUG 19036 --- [loan-system] [nio-2727-exec-4] o.s.w.s.m.m.a.HttpEntityMethodProcessor  : Using 'application/json', given [application/json, text/plain, */*] and supported [application/json, application/*+json]
2026-06-06T11:16:05.987+05:30 DEBUG 19036 --- [loan-system] [nio-2727-exec-4] o.s.w.s.m.m.a.HttpEntityMethodProcessor  : Writing [[com.cblos.model.LoanApplication@60022cf8]]
2026-06-06T11:16:05.998+05:30 DEBUG 19036 --- [loan-system] [nio-2727-exec-4] o.s.web.servlet.DispatcherServlet        : Completed 200 OK
2026-06-06T11:16:54.063+05:30 DEBUG 19036 --- [loan-system] [nio-2727-exec-3] o.s.web.servlet.DispatcherServlet        : POST "/api/auth/login", parameters={}
2026-06-06T11:16:54.063+05:30 DEBUG 19036 --- [loan-system] [nio-2727-exec-3] s.w.s.m.m.a.RequestMappingHandlerMapping : Mapped to com.cblos.controller.AuthController#login(LoginRequest, HttpServletRequest)
2026-06-06T11:16:54.073+05:30 DEBUG 19036 --- [loan-system] [nio-2727-exec-3] m.m.a.RequestResponseBodyMethodProcessor : Read "application/json;charset=UTF-8" to [com.cblos.dto.LoginRequest@659fe37c]
2026-06-06T11:16:54.073+05:30 DEBUG 19036 --- [loan-system] [nio-2727-exec-3] org.hibernate.SQL                        : 
    select
        au1_0.id,
        au1_0.corporate_customer_id,
        au1_0.email,
        au1_0.loan_officer_id,
        au1_0.password,
        au1_0.role 
    from
        app_user au1_0 
    where
        au1_0.email=?
Hibernate: 
    select
        au1_0.id,
        au1_0.corporate_customer_id,
        au1_0.email,
        au1_0.loan_officer_id,
        au1_0.password,
        au1_0.role 
    from
        app_user au1_0 
    where
        au1_0.email=?
2026-06-06T11:16:54.142+05:30 DEBUG 19036 --- [loan-system] [nio-2727-exec-3] o.s.w.s.m.m.a.HttpEntityMethodProcessor  : Using 'application/json', given [*/*] and supported [application/json, application/*+json]
2026-06-06T11:16:54.142+05:30 DEBUG 19036 --- [loan-system] [nio-2727-exec-3] o.s.w.s.m.m.a.HttpEntityMethodProcessor  : Writing [{email=admin@bank.com, role=ADMIN, corporateCustomerId=null, loanOfficerId=null}]
2026-06-06T11:16:54.142+05:30 DEBUG 19036 --- [loan-system] [nio-2727-exec-3] o.s.web.servlet.DispatcherServlet        : Completed 200 OK
2026-06-06T11:16:54.173+05:30 DEBUG 19036 --- [loan-system] [nio-2727-exec-6] o.s.web.servlet.DispatcherServlet        : GET "/api/admin/staff/all", parameters={}
2026-06-06T11:16:54.173+05:30 DEBUG 19036 --- [loan-system] [nio-2727-exec-6] s.w.s.m.m.a.RequestMappingHandlerMapping : Mapped to com.cblos.controller.AdminController#getAllStaff()
2026-06-06T11:16:54.178+05:30 DEBUG 19036 --- [loan-system] [nio-2727-exec-6] org.hibernate.SQL                        : 
    select
        lo1_0.id,
        lo1_0.active_application_count,
        lo1_0.employee_email,
        lo1_0.employee_id,
        lo1_0.name,
        lo1_0.password,
        lo1_0.role 
    from
        officers lo1_0
Hibernate: 
    select
        lo1_0.id,
        lo1_0.active_application_count,
        lo1_0.employee_email,
        lo1_0.employee_id,
        lo1_0.name,
        lo1_0.password,
        lo1_0.role 
    from
        officers lo1_0
2026-06-06T11:16:54.178+05:30 DEBUG 19036 --- [loan-system] [nio-2727-exec-6] o.s.w.s.m.m.a.HttpEntityMethodProcessor  : Using 'application/json', given [*/*] and supported [application/json, application/*+json]
2026-06-06T11:16:54.178+05:30 DEBUG 19036 --- [loan-system] [nio-2727-exec-6] o.s.w.s.m.m.a.HttpEntityMethodProcessor  : Writing [[com.cblos.model.LoanOfficer@4797231d, com.cblos.model.LoanOfficer@4977f4ce, com.cblos.model.LoanOff (truncated)...]
2026-06-06T11:16:54.178+05:30 DEBUG 19036 --- [loan-system] [nio-2727-exec-6] o.s.web.servlet.DispatcherServlet        : Completed 200 OK
2026-06-06T11:16:54.195+05:30 DEBUG 19036 --- [loan-system] [nio-2727-exec-5] o.s.web.servlet.DispatcherServlet        : GET "/api/loans/all", parameters={}
2026-06-06T11:16:54.195+05:30 DEBUG 19036 --- [loan-system] [nio-2727-exec-5] s.w.s.m.m.a.RequestMappingHandlerMapping : Mapped to com.cblos.controller.LoanApplicationController#getAllApplications()
2026-06-06T11:16:54.195+05:30 DEBUG 19036 --- [loan-system] [nio-2727-exec-5] org.hibernate.SQL                        : 
    select
        la1_0.application_id,
        la1_0.customer_id,
        la1_0.loan_amount,
        la1_0.officer_id,
        la1_0.loan_product_id,
        la1_0.loan_type,
        la1_0.requested_tenure_months,
        la1_0.status,
        la1_0.submission_date 
    from
        loan_application la1_0
Hibernate: 
    select
        la1_0.application_id,
        la1_0.customer_id,
        la1_0.loan_amount,
        la1_0.officer_id,
        la1_0.loan_product_id,
        la1_0.loan_type,
        la1_0.requested_tenure_months,
        la1_0.status,
        la1_0.submission_date 
    from
        loan_application la1_0
2026-06-06T11:16:54.195+05:30 DEBUG 19036 --- [loan-system] [nio-2727-exec-5] org.hibernate.SQL                        : 
    select
        cc1_0.id,
        cc1_0.password,
        cc1_0.business_address,
        cc1_0.company_email,
        cc1_0.company_name,
        cc1_0.industry_type,
        cc1_0.phone_number,
        cc1_0.rejection_reason,
        cc1_0.status,
        cc1_0.tax_id 
    from
        corporate_customer cc1_0 
    where
        cc1_0.id=?
Hibernate: 
    select
        cc1_0.id,
        cc1_0.password,
        cc1_0.business_address,
        cc1_0.company_email,
        cc1_0.company_name,
        cc1_0.industry_type,
        cc1_0.phone_number,
        cc1_0.rejection_reason,
        cc1_0.status,
        cc1_0.tax_id 
    from
        corporate_customer cc1_0 
    where
        cc1_0.id=?
2026-06-06T11:16:54.195+05:30 DEBUG 19036 --- [loan-system] [nio-2727-exec-5] org.hibernate.SQL                        : 
    select
        lo1_0.id,
        lo1_0.active_application_count,
        lo1_0.employee_email,
        lo1_0.employee_id,
        lo1_0.name,
        lo1_0.password,
        lo1_0.role 
    from
        officers lo1_0 
    where
        lo1_0.id=?
Hibernate: 
    select
        lo1_0.id,
        lo1_0.active_application_count,
        lo1_0.employee_email,
        lo1_0.employee_id,
        lo1_0.name,
        lo1_0.password,
        lo1_0.role 
    from
        officers lo1_0 
    where
        lo1_0.id=?
2026-06-06T11:16:54.195+05:30 DEBUG 19036 --- [loan-system] [nio-2727-exec-5] org.hibernate.SQL                        : 
    select
        lp1_0.id,
        lp1_0.default_interest_rate,
        lp1_0.description,
        lp1_0.max_loan_amount,
        lp1_0.max_tenure_months,
        lp1_0.min_loan_amount,
        lp1_0.min_tenure_months,
        lp1_0.product_name 
    from
        loan_products lp1_0 
    where
        lp1_0.id=?
Hibernate: 
    select
        lp1_0.id,
        lp1_0.default_interest_rate,
        lp1_0.description,
        lp1_0.max_loan_amount,
        lp1_0.max_tenure_months,
        lp1_0.min_loan_amount,
        lp1_0.min_tenure_months,
        lp1_0.product_name 
    from
        loan_products lp1_0 
    where
        lp1_0.id=?
2026-06-06T11:16:54.195+05:30 DEBUG 19036 --- [loan-system] [nio-2727-exec-5] o.s.w.s.m.m.a.HttpEntityMethodProcessor  : Using 'application/json', given [*/*] and supported [application/json, application/*+json]
2026-06-06T11:16:54.195+05:30 DEBUG 19036 --- [loan-system] [nio-2727-exec-5] o.s.w.s.m.m.a.HttpEntityMethodProcessor  : Writing [[com.cblos.model.LoanApplication@3a072b62]]
2026-06-06T11:16:54.210+05:30 DEBUG 19036 --- [loan-system] [nio-2727-exec-5] o.s.web.servlet.DispatcherServlet        : Completed 200 OK
2026-06-06T11:17:05.956+05:30 DEBUG 19036 --- [loan-system] [nio-2727-exec-9] o.s.web.servlet.DispatcherServlet        : POST "/api/auth/login", parameters={}
2026-06-06T11:17:05.956+05:30 DEBUG 19036 --- [loan-system] [nio-2727-exec-9] s.w.s.m.m.a.RequestMappingHandlerMapping : Mapped to com.cblos.controller.AuthController#login(LoginRequest, HttpServletRequest)
2026-06-06T11:17:05.956+05:30 DEBUG 19036 --- [loan-system] [nio-2727-exec-9] m.m.a.RequestResponseBodyMethodProcessor : Read "application/json;charset=UTF-8" to [com.cblos.dto.LoginRequest@52a3a306]
2026-06-06T11:17:05.956+05:30 DEBUG 19036 --- [loan-system] [nio-2727-exec-9] org.hibernate.SQL                        : 
    select
        au1_0.id,
        au1_0.corporate_customer_id,
        au1_0.email,
        au1_0.loan_officer_id,
        au1_0.password,
        au1_0.role 
    from
        app_user au1_0 
    where
        au1_0.email=?
Hibernate: 
    select
        au1_0.id,
        au1_0.corporate_customer_id,
        au1_0.email,
        au1_0.loan_officer_id,
        au1_0.password,
        au1_0.role 
    from
        app_user au1_0 
    where
        au1_0.email=?
2026-06-06T11:17:06.042+05:30 DEBUG 19036 --- [loan-system] [nio-2727-exec-9] o.s.w.s.m.m.a.HttpEntityMethodProcessor  : Using 'application/json', given [*/*] and supported [application/json, application/*+json]
2026-06-06T11:17:06.042+05:30 DEBUG 19036 --- [loan-system] [nio-2727-exec-9] o.s.w.s.m.m.a.HttpEntityMethodProcessor  : Writing [{email=admin@bank.com, role=ADMIN, corporateCustomerId=null, loanOfficerId=null}]
2026-06-06T11:17:06.042+05:30 DEBUG 19036 --- [loan-system] [nio-2727-exec-9] o.s.web.servlet.DispatcherServlet        : Completed 200 OK
2026-06-06T11:17:06.062+05:30 DEBUG 19036 --- [loan-system] [io-2727-exec-10] o.s.web.servlet.DispatcherServlet        : GET "/api/admin/staff/all", parameters={}
2026-06-06T11:17:06.064+05:30 DEBUG 19036 --- [loan-system] [io-2727-exec-10] s.w.s.m.m.a.RequestMappingHandlerMapping : Mapped to com.cblos.controller.AdminController#getAllStaff()
2026-06-06T11:17:06.066+05:30 DEBUG 19036 --- [loan-system] [io-2727-exec-10] org.hibernate.SQL                        : 
    select
        lo1_0.id,
        lo1_0.active_application_count,
        lo1_0.employee_email,
        lo1_0.employee_id,
        lo1_0.name,
        lo1_0.password,
        lo1_0.role 
    from
        officers lo1_0
Hibernate: 
    select
        lo1_0.id,
        lo1_0.active_application_count,
        lo1_0.employee_email,
        lo1_0.employee_id,
        lo1_0.name,
        lo1_0.password,
        lo1_0.role 
    from
        officers lo1_0
2026-06-06T11:17:06.068+05:30 DEBUG 19036 --- [loan-system] [io-2727-exec-10] o.s.w.s.m.m.a.HttpEntityMethodProcessor  : Using 'application/json', given [*/*] and supported [application/json, application/*+json]
2026-06-06T11:17:06.068+05:30 DEBUG 19036 --- [loan-system] [io-2727-exec-10] o.s.w.s.m.m.a.HttpEntityMethodProcessor  : Writing [[com.cblos.model.LoanOfficer@77c95bee, com.cblos.model.LoanOfficer@e3b1657, com.cblos.model.LoanOffi (truncated)...]
2026-06-06T11:17:06.071+05:30 DEBUG 19036 --- [loan-system] [io-2727-exec-10] o.s.web.servlet.DispatcherServlet        : Completed 200 OK
2026-06-06T11:17:06.071+05:30 DEBUG 19036 --- [loan-system] [nio-2727-exec-8] o.s.web.servlet.DispatcherServlet        : GET "/api/loans/all", parameters={}
2026-06-06T11:17:06.071+05:30 DEBUG 19036 --- [loan-system] [nio-2727-exec-8] s.w.s.m.m.a.RequestMappingHandlerMapping : Mapped to com.cblos.controller.LoanApplicationController#getAllApplications()
2026-06-06T11:17:06.071+05:30 DEBUG 19036 --- [loan-system] [nio-2727-exec-8] org.hibernate.SQL                        : 
    select
        la1_0.application_id,
        la1_0.customer_id,
        la1_0.loan_amount,
        la1_0.officer_id,
        la1_0.loan_product_id,
        la1_0.loan_type,
        la1_0.requested_tenure_months,
        la1_0.status,
        la1_0.submission_date 
    from
        loan_application la1_0
Hibernate: 
    select
        la1_0.application_id,
        la1_0.customer_id,
        la1_0.loan_amount,
        la1_0.officer_id,
        la1_0.loan_product_id,
        la1_0.loan_type,
        la1_0.requested_tenure_months,
        la1_0.status,
        la1_0.submission_date 
    from
        loan_application la1_0
2026-06-06T11:17:06.087+05:30 DEBUG 19036 --- [loan-system] [nio-2727-exec-8] org.hibernate.SQL                        : 
    select
        cc1_0.id,
        cc1_0.password,
        cc1_0.business_address,
        cc1_0.company_email,
        cc1_0.company_name,
        cc1_0.industry_type,
        cc1_0.phone_number,
        cc1_0.rejection_reason,
        cc1_0.status,
        cc1_0.tax_id 
    from
        corporate_customer cc1_0 
    where
        cc1_0.id=?
Hibernate: 
    select
        cc1_0.id,
        cc1_0.password,
        cc1_0.business_address,
        cc1_0.company_email,
        cc1_0.company_name,
        cc1_0.industry_type,
        cc1_0.phone_number,
        cc1_0.rejection_reason,
        cc1_0.status,
        cc1_0.tax_id 
    from
        corporate_customer cc1_0 
    where
        cc1_0.id=?
2026-06-06T11:17:06.087+05:30 DEBUG 19036 --- [loan-system] [nio-2727-exec-8] org.hibernate.SQL                        : 
    select
        lo1_0.id,
        lo1_0.active_application_count,
        lo1_0.employee_email,
        lo1_0.employee_id,
        lo1_0.name,
        lo1_0.password,
        lo1_0.role 
    from
        officers lo1_0 
    where
        lo1_0.id=?
Hibernate: 
    select
        lo1_0.id,
        lo1_0.active_application_count,
        lo1_0.employee_email,
        lo1_0.employee_id,
        lo1_0.name,
        lo1_0.password,
        lo1_0.role 
    from
        officers lo1_0 
    where
        lo1_0.id=?
2026-06-06T11:17:06.092+05:30 DEBUG 19036 --- [loan-system] [nio-2727-exec-8] org.hibernate.SQL                        : 
    select
        lp1_0.id,
        lp1_0.default_interest_rate,
        lp1_0.description,
        lp1_0.max_loan_amount,
        lp1_0.max_tenure_months,
        lp1_0.min_loan_amount,
        lp1_0.min_tenure_months,
        lp1_0.product_name 
    from
        loan_products lp1_0 
    where
        lp1_0.id=?
Hibernate: 
    select
        lp1_0.id,
        lp1_0.default_interest_rate,
        lp1_0.description,
        lp1_0.max_loan_amount,
        lp1_0.max_tenure_months,
        lp1_0.min_loan_amount,
        lp1_0.min_tenure_months,
        lp1_0.product_name 
    from
        loan_products lp1_0 
    where
        lp1_0.id=?
2026-06-06T11:17:06.092+05:30 DEBUG 19036 --- [loan-system] [nio-2727-exec-8] o.s.w.s.m.m.a.HttpEntityMethodProcessor  : Using 'application/json', given [*/*] and supported [application/json, application/*+json]
2026-06-06T11:17:06.092+05:30 DEBUG 19036 --- [loan-system] [nio-2727-exec-8] o.s.w.s.m.m.a.HttpEntityMethodProcessor  : Writing [[com.cblos.model.LoanApplication@5255fc17]]
2026-06-06T11:17:06.092+05:30 DEBUG 19036 --- [loan-system] [nio-2727-exec-8] o.s.web.servlet.DispatcherServlet        : Completed 200 OK
2026-06-06T11:21:48.806+05:30 DEBUG 19036 --- [loan-system] [nio-2727-exec-2] o.s.web.servlet.DispatcherServlet        : GET "/api/auth/me", parameters={}
2026-06-06T11:21:48.820+05:30 DEBUG 19036 --- [loan-system] [nio-2727-exec-2] s.w.s.m.m.a.RequestMappingHandlerMapping : Mapped to com.cblos.controller.AuthController#me(AppUserDetails)
2026-06-06T11:21:49.106+05:30 DEBUG 19036 --- [loan-system] [nio-2727-exec-2] o.s.w.s.m.m.a.HttpEntityMethodProcessor  : Using 'application/json', given [application/json, text/plain, */*] and supported [application/json, application/*+json]
2026-06-06T11:21:49.120+05:30 DEBUG 19036 --- [loan-system] [nio-2727-exec-2] o.s.w.s.m.m.a.HttpEntityMethodProcessor  : Writing [{email=dhilipkumarm@gmail.com, role=OFFICER, corporateCustomerId=null, loanOfficerId=7}]
2026-06-06T11:21:49.142+05:30 DEBUG 19036 --- [loan-system] [nio-2727-exec-2] o.s.web.servlet.DispatcherServlet        : Completed 200 OK
2026-06-06T11:21:49.363+05:30  WARN 19036 --- [loan-system] [l-1:housekeeper] com.zaxxer.hikari.pool.HikariPool        : HikariPool-1 - Thread starvation or clock leap detected (housekeeper delta=2m25s95ms871µs700ns).
2026-06-06T11:23:23.782+05:30  WARN 19036 --- [loan-system] [l-1:housekeeper] com.zaxxer.hikari.pool.HikariPool        : HikariPool-1 - Thread starvation or clock leap detected (housekeeper delta=1m34s423ms537µs900ns).
2026-06-06T11:24:00.475+05:30 DEBUG 19036 --- [loan-system] [nio-2727-exec-4] o.s.web.servlet.DispatcherServlet        : POST "/api/auth/login", parameters={}
2026-06-06T11:24:00.484+05:30 DEBUG 19036 --- [loan-system] [nio-2727-exec-4] s.w.s.m.m.a.RequestMappingHandlerMapping : Mapped to com.cblos.controller.AuthController#login(LoginRequest, HttpServletRequest)
2026-06-06T11:24:00.568+05:30 DEBUG 19036 --- [loan-system] [nio-2727-exec-4] m.m.a.RequestResponseBodyMethodProcessor : Read "application/json;charset=UTF-8" to [com.cblos.dto.LoginRequest@154a5c84]
2026-06-06T11:24:00.897+05:30 DEBUG 19036 --- [loan-system] [nio-2727-exec-4] org.hibernate.SQL                        : 
    select
        au1_0.id,
        au1_0.corporate_customer_id,
        au1_0.email,
        au1_0.loan_officer_id,
        au1_0.password,
        au1_0.role 
    from
        app_user au1_0 
    where
        au1_0.email=?
Hibernate: 
    select
        au1_0.id,
        au1_0.corporate_customer_id,
        au1_0.email,
        au1_0.loan_officer_id,
        au1_0.password,
        au1_0.role 
    from
        app_user au1_0 
    where
        au1_0.email=?
2026-06-06T11:24:01.526+05:30 DEBUG 19036 --- [loan-system] [nio-2727-exec-4] o.s.w.s.m.m.a.HttpEntityMethodProcessor  : Using 'application/json', given [application/json, text/plain, */*] and supported [application/json, application/*+json]
2026-06-06T11:24:01.532+05:30 DEBUG 19036 --- [loan-system] [nio-2727-exec-4] o.s.w.s.m.m.a.HttpEntityMethodProcessor  : Writing [{email=officer-20260606101641@bank.com, role=OFFICER, corporateCustomerId=null, loanOfficerId=1}]
2026-06-06T11:24:01.618+05:30 DEBUG 19036 --- [loan-system] [nio-2727-exec-4] o.s.web.servlet.DispatcherServlet        : Completed 200 OK
2026-06-06T11:24:01.964+05:30 DEBUG 19036 --- [loan-system] [nio-2727-exec-3] o.s.web.servlet.DispatcherServlet        : GET "/api/loans/all", parameters={}
2026-06-06T11:24:01.974+05:30 DEBUG 19036 --- [loan-system] [nio-2727-exec-3] s.w.s.m.m.a.RequestMappingHandlerMapping : Mapped to com.cblos.controller.LoanApplicationController#getAllApplications()
2026-06-06T11:24:02.301+05:30 DEBUG 19036 --- [loan-system] [nio-2727-exec-3] org.hibernate.SQL                        : 
    select
        la1_0.application_id,
        la1_0.customer_id,
        la1_0.loan_amount,
        la1_0.officer_id,
        la1_0.loan_product_id,
        la1_0.loan_type,
        la1_0.requested_tenure_months,
        la1_0.status,
        la1_0.submission_date 
    from
        loan_application la1_0
Hibernate: 
    select
        la1_0.application_id,
        la1_0.customer_id,
        la1_0.loan_amount,
        la1_0.officer_id,
        la1_0.loan_product_id,
        la1_0.loan_type,
        la1_0.requested_tenure_months,
        la1_0.status,
        la1_0.submission_date 
    from
        loan_application la1_0
2026-06-06T11:24:02.337+05:30 DEBUG 19036 --- [loan-system] [nio-2727-exec-3] org.hibernate.SQL                        : 
    select
        cc1_0.id,
        cc1_0.password,
        cc1_0.business_address,
        cc1_0.company_email,
        cc1_0.company_name,
        cc1_0.industry_type,
        cc1_0.phone_number,
        cc1_0.rejection_reason,
        cc1_0.status,
        cc1_0.tax_id 
    from
        corporate_customer cc1_0 
    where
        cc1_0.id=?
Hibernate: 
    select
        cc1_0.id,
        cc1_0.password,
        cc1_0.business_address,
        cc1_0.company_email,
        cc1_0.company_name,
        cc1_0.industry_type,
        cc1_0.phone_number,
        cc1_0.rejection_reason,
        cc1_0.status,
        cc1_0.tax_id 
    from
        corporate_customer cc1_0 
    where
        cc1_0.id=?
2026-06-06T11:24:02.355+05:30 DEBUG 19036 --- [loan-system] [nio-2727-exec-3] org.hibernate.SQL                        : 
    select
        lo1_0.id,
        lo1_0.active_application_count,
        lo1_0.employee_email,
        lo1_0.employee_id,
        lo1_0.name,
        lo1_0.password,
        lo1_0.role 
    from
        officers lo1_0 
    where
        lo1_0.id=?
Hibernate: 
    select
        lo1_0.id,
        lo1_0.active_application_count,
        lo1_0.employee_email,
        lo1_0.employee_id,
        lo1_0.name,
        lo1_0.password,
        lo1_0.role 
    from
        officers lo1_0 
    where
        lo1_0.id=?
2026-06-06T11:24:02.365+05:30 DEBUG 19036 --- [loan-system] [nio-2727-exec-3] org.hibernate.SQL                        : 
    select
        lp1_0.id,
        lp1_0.default_interest_rate,
        lp1_0.description,
        lp1_0.max_loan_amount,
        lp1_0.max_tenure_months,
        lp1_0.min_loan_amount,
        lp1_0.min_tenure_months,
        lp1_0.product_name 
    from
        loan_products lp1_0 
    where
        lp1_0.id=?
Hibernate: 
    select
        lp1_0.id,
        lp1_0.default_interest_rate,
        lp1_0.description,
        lp1_0.max_loan_amount,
        lp1_0.max_tenure_months,
        lp1_0.min_loan_amount,
        lp1_0.min_tenure_months,
        lp1_0.product_name 
    from
        loan_products lp1_0 
    where
        lp1_0.id=?
2026-06-06T11:24:02.405+05:30 DEBUG 19036 --- [loan-system] [nio-2727-exec-3] o.s.w.s.m.m.a.HttpEntityMethodProcessor  : Using 'application/json', given [application/json, text/plain, */*] and supported [application/json, application/*+json]
2026-06-06T11:24:02.408+05:30 DEBUG 19036 --- [loan-system] [nio-2727-exec-3] o.s.w.s.m.m.a.HttpEntityMethodProcessor  : Writing [[com.cblos.model.LoanApplication@241eaa01]]
2026-06-06T11:24:02.442+05:30 DEBUG 19036 --- [loan-system] [nio-2727-exec-3] o.s.web.servlet.DispatcherServlet        : Completed 200 OK
2026-06-06T11:24:06.961+05:30 DEBUG 19036 --- [loan-system] [nio-2727-exec-6] o.s.web.servlet.DispatcherServlet        : GET "/api/loans/1", parameters={}
2026-06-06T11:24:06.971+05:30 DEBUG 19036 --- [loan-system] [nio-2727-exec-6] s.w.s.m.m.a.RequestMappingHandlerMapping : Mapped to com.cblos.controller.LoanApplicationController#viewApplicationDetails(Integer)
2026-06-06T11:24:07.286+05:30 DEBUG 19036 --- [loan-system] [nio-2727-exec-6] org.hibernate.SQL                        : 
    select
        la1_0.application_id,
        la1_0.customer_id,
        c1_0.id,
        c1_0.password,
        c1_0.business_address,
        c1_0.company_email,
        c1_0.company_name,
        c1_0.industry_type,
        c1_0.phone_number,
        c1_0.rejection_reason,
        c1_0.status,
        c1_0.tax_id,
        la1_0.loan_amount,
        lo1_0.id,
        lo1_0.active_application_count,
        lo1_0.employee_email,
        lo1_0.employee_id,
        lo1_0.name,
        lo1_0.password,
        lo1_0.role,
        lp1_0.id,
        lp1_0.default_interest_rate,
        lp1_0.description,
        lp1_0.max_loan_amount,
        lp1_0.max_tenure_months,
        lp1_0.min_loan_amount,
        lp1_0.min_tenure_months,
        lp1_0.product_name,
        la1_0.loan_type,
        la1_0.requested_tenure_months,
        la1_0.status,
        la1_0.submission_date 
    from
        loan_application la1_0 
    join
        corporate_customer c1_0 
            on c1_0.id=la1_0.customer_id 
    left join
        officers lo1_0 
            on lo1_0.id=la1_0.officer_id 
    left join
        loan_products lp1_0 
            on lp1_0.id=la1_0.loan_product_id 
    where
        la1_0.application_id=?
Hibernate: 
    select
        la1_0.application_id,
        la1_0.customer_id,
        c1_0.id,
        c1_0.password,
        c1_0.business_address,
        c1_0.company_email,
        c1_0.company_name,
        c1_0.industry_type,
        c1_0.phone_number,
        c1_0.rejection_reason,
        c1_0.status,
        c1_0.tax_id,
        la1_0.loan_amount,
        lo1_0.id,
        lo1_0.active_application_count,
        lo1_0.employee_email,
        lo1_0.employee_id,
        lo1_0.name,
        lo1_0.password,
        lo1_0.role,
        lp1_0.id,
        lp1_0.default_interest_rate,
        lp1_0.description,
        lp1_0.max_loan_amount,
        lp1_0.max_tenure_months,
        lp1_0.min_loan_amount,
        lp1_0.min_tenure_months,
        lp1_0.product_name,
        la1_0.loan_type,
        la1_0.requested_tenure_months,
        la1_0.status,
        la1_0.submission_date 
    from
        loan_application la1_0 
    join
        corporate_customer c1_0 
            on c1_0.id=la1_0.customer_id 
    left join
        officers lo1_0 
            on lo1_0.id=la1_0.officer_id 
    left join
        loan_products lp1_0 
            on lp1_0.id=la1_0.loan_product_id 
    where
        la1_0.application_id=?
2026-06-06T11:24:07.318+05:30 DEBUG 19036 --- [loan-system] [nio-2727-exec-6] o.s.w.s.m.m.a.HttpEntityMethodProcessor  : Using 'application/json', given [application/json, text/plain, */*] and supported [application/json, application/*+json]
2026-06-06T11:24:07.318+05:30 DEBUG 19036 --- [loan-system] [nio-2727-exec-6] o.s.w.s.m.m.a.HttpEntityMethodProcessor  : Writing [com.cblos.model.LoanApplication@1d79d29d]
2026-06-06T11:24:07.342+05:30 DEBUG 19036 --- [loan-system] [nio-2727-exec-6] o.s.web.servlet.DispatcherServlet        : Completed 200 OK
2026-06-06T11:24:07.381+05:30 DEBUG 19036 --- [loan-system] [nio-2727-exec-7] o.s.web.servlet.DispatcherServlet        : GET "/api/documents/application/1", parameters={}
2026-06-06T11:24:07.384+05:30 DEBUG 19036 --- [loan-system] [nio-2727-exec-5] o.s.web.servlet.DispatcherServlet        : GET "/api/collateral/loan/1", parameters={}
2026-06-06T11:24:07.386+05:30 DEBUG 19036 --- [loan-system] [nio-2727-exec-7] s.w.s.m.m.a.RequestMappingHandlerMapping : Mapped to com.cblos.controller.DocumentController#listDocs(Integer)
2026-06-06T11:24:07.396+05:30 DEBUG 19036 --- [loan-system] [nio-2727-exec-5] s.w.s.m.m.a.RequestMappingHandlerMapping : Mapped to com.cblos.controller.CollateralController#getCollateral(Integer)
2026-06-06T11:24:07.400+05:30 DEBUG 19036 --- [loan-system] [nio-2727-exec-9] o.s.web.servlet.DispatcherServlet        : GET "/api/credit/risk-score/1", parameters={}
2026-06-06T11:24:07.400+05:30 DEBUG 19036 --- [loan-system] [nio-2727-exec-9] s.w.s.m.m.a.RequestMappingHandlerMapping : Mapped to com.cblos.controller.CreditAssessmentController#getRiskScore(Integer)
2026-06-06T11:24:07.514+05:30 DEBUG 19036 --- [loan-system] [nio-2727-exec-9] org.hibernate.SQL                        : 
    select
        ca1_0.id,
        ca1_0.assessment_date,
        ca1_0.credit_score,
        ca1_0.application_id,
        ca1_0.risk_score 
    from
        credit_assessment ca1_0 
    where
        ca1_0.application_id=?
Hibernate: 
    select
        ca1_0.id,
        ca1_0.assessment_date,
        ca1_0.credit_score,
        ca1_0.application_id,
        ca1_0.risk_score 
    from
        credit_assessment ca1_0 
    where
        ca1_0.application_id=?
2026-06-06T11:24:07.529+05:30 DEBUG 19036 --- [loan-system] [nio-2727-exec-5] org.hibernate.SQL                        : 
    select
        c1_0.id,
        c1_0.asset_reference_number,
        c1_0.collateral_type,
        c1_0.description,
        c1_0.estimated_value,
        c1_0.application_id 
    from
        collateral c1_0 
    where
        c1_0.application_id=?
Hibernate: 
    select
        c1_0.id,
        c1_0.asset_reference_number,
        c1_0.collateral_type,
        c1_0.description,
        c1_0.estimated_value,
        c1_0.application_id 
    from
        collateral c1_0 
    where
        c1_0.application_id=?
2026-06-06T11:24:07.543+05:30 DEBUG 19036 --- [loan-system] [nio-2727-exec-7] org.hibernate.SQL                        : 
    select
        d1_0.document_id,
        d1_0.customer_id,
        d1_0.document_type,
        d1_0.file_data,
        d1_0.file_name,
        d1_0.file_type,
        d1_0.application_id,
        d1_0.upload_date 
    from
        document d1_0 
    where
        d1_0.application_id=?
Hibernate: 
    select
        d1_0.document_id,
        d1_0.customer_id,
        d1_0.document_type,
        d1_0.file_data,
        d1_0.file_name,
        d1_0.file_type,
        d1_0.application_id,
        d1_0.upload_date 
    from
        document d1_0 
    where
        d1_0.application_id=?
2026-06-06T11:24:07.556+05:30 DEBUG 19036 --- [loan-system] [nio-2727-exec-5] org.hibernate.SQL                        : 
    select
        la1_0.application_id,
        la1_0.customer_id,
        c1_0.id,
        c1_0.password,
        c1_0.business_address,
        c1_0.company_email,
        c1_0.company_name,
        c1_0.industry_type,
        c1_0.phone_number,
        c1_0.rejection_reason,
        c1_0.status,
        c1_0.tax_id,
        la1_0.loan_amount,
        lo1_0.id,
        lo1_0.active_application_count,
        lo1_0.employee_email,
        lo1_0.employee_id,
        lo1_0.name,
        lo1_0.password,
        lo1_0.role,
        lp1_0.id,
        lp1_0.default_interest_rate,
        lp1_0.description,
        lp1_0.max_loan_amount,
        lp1_0.max_tenure_months,
        lp1_0.min_loan_amount,
        lp1_0.min_tenure_months,
        lp1_0.product_name,
        la1_0.loan_type,
        la1_0.requested_tenure_months,
        la1_0.status,
        la1_0.submission_date 
    from
        loan_application la1_0 
    join
        corporate_customer c1_0 
            on c1_0.id=la1_0.customer_id 
    left join
        officers lo1_0 
            on lo1_0.id=la1_0.officer_id 
    left join
        loan_products lp1_0 
            on lp1_0.id=la1_0.loan_product_id 
    where
        la1_0.application_id=?
Hibernate: 
    select
        la1_0.application_id,
        la1_0.customer_id,
        c1_0.id,
        c1_0.password,
        c1_0.business_address,
        c1_0.company_email,
        c1_0.company_name,
        c1_0.industry_type,
        c1_0.phone_number,
        c1_0.rejection_reason,
        c1_0.status,
        c1_0.tax_id,
        la1_0.loan_amount,
        lo1_0.id,
        lo1_0.active_application_count,
        lo1_0.employee_email,
        lo1_0.employee_id,
        lo1_0.name,
        lo1_0.password,
        lo1_0.role,
        lp1_0.id,
        lp1_0.default_interest_rate,
        lp1_0.description,
        lp1_0.max_loan_amount,
        lp1_0.max_tenure_months,
        lp1_0.min_loan_amount,
        lp1_0.min_tenure_months,
        lp1_0.product_name,
        la1_0.loan_type,
        la1_0.requested_tenure_months,
        la1_0.status,
        la1_0.submission_date 
    from
        loan_application la1_0 
    join
        corporate_customer c1_0 
            on c1_0.id=la1_0.customer_id 
    left join
        officers lo1_0 
            on lo1_0.id=la1_0.officer_id 
    left join
        loan_products lp1_0 
            on lp1_0.id=la1_0.loan_product_id 
    where
        la1_0.application_id=?
2026-06-06T11:24:07.567+05:30 DEBUG 19036 --- [loan-system] [nio-2727-exec-7] org.hibernate.SQL                        : 
    select
        cc1_0.id,
        cc1_0.password,
        cc1_0.business_address,
        cc1_0.company_email,
        cc1_0.company_name,
        cc1_0.industry_type,
        cc1_0.phone_number,
        cc1_0.rejection_reason,
        cc1_0.status,
        cc1_0.tax_id 
    from
        corporate_customer cc1_0 
    where
        cc1_0.id=?
Hibernate: 
    select
        cc1_0.id,
        cc1_0.password,
        cc1_0.business_address,
        cc1_0.company_email,
        cc1_0.company_name,
        cc1_0.industry_type,
        cc1_0.phone_number,
        cc1_0.rejection_reason,
        cc1_0.status,
        cc1_0.tax_id 
    from
        corporate_customer cc1_0 
    where
        cc1_0.id=?
2026-06-06T11:24:07.576+05:30 DEBUG 19036 --- [loan-system] [nio-2727-exec-7] org.hibernate.SQL                        : 
    select
        la1_0.application_id,
        la1_0.customer_id,
        c1_0.id,
        c1_0.password,
        c1_0.business_address,
        c1_0.company_email,
        c1_0.company_name,
        c1_0.industry_type,
        c1_0.phone_number,
        c1_0.rejection_reason,
        c1_0.status,
        c1_0.tax_id,
        la1_0.loan_amount,
        lo1_0.id,
        lo1_0.active_application_count,
        lo1_0.employee_email,
        lo1_0.employee_id,
        lo1_0.name,
        lo1_0.password,
        lo1_0.role,
        lp1_0.id,
        lp1_0.default_interest_rate,
        lp1_0.description,
        lp1_0.max_loan_amount,
        lp1_0.max_tenure_months,
        lp1_0.min_loan_amount,
        lp1_0.min_tenure_months,
        lp1_0.product_name,
        la1_0.loan_type,
        la1_0.requested_tenure_months,
        la1_0.status,
        la1_0.submission_date 
    from
        loan_application la1_0 
    join
        corporate_customer c1_0 
            on c1_0.id=la1_0.customer_id 
    left join
        officers lo1_0 
            on lo1_0.id=la1_0.officer_id 
    left join
        loan_products lp1_0 
            on lp1_0.id=la1_0.loan_product_id 
    where
        la1_0.application_id=?
Hibernate: 
    select
        la1_0.application_id,
        la1_0.customer_id,
        c1_0.id,
        c1_0.password,
        c1_0.business_address,
        c1_0.company_email,
        c1_0.company_name,
        c1_0.industry_type,
        c1_0.phone_number,
        c1_0.rejection_reason,
        c1_0.status,
        c1_0.tax_id,
        la1_0.loan_amount,
        lo1_0.id,
        lo1_0.active_application_count,
        lo1_0.employee_email,
        lo1_0.employee_id,
        lo1_0.name,
        lo1_0.password,
        lo1_0.role,
        lp1_0.id,
        lp1_0.default_interest_rate,
        lp1_0.description,
        lp1_0.max_loan_amount,
        lp1_0.max_tenure_months,
        lp1_0.min_loan_amount,
        lp1_0.min_tenure_months,
        lp1_0.product_name,
        la1_0.loan_type,
        la1_0.requested_tenure_months,
        la1_0.status,
        la1_0.submission_date 
    from
        loan_application la1_0 
    join
        corporate_customer c1_0 
            on c1_0.id=la1_0.customer_id 
    left join
        officers lo1_0 
            on lo1_0.id=la1_0.officer_id 
    left join
        loan_products lp1_0 
            on lp1_0.id=la1_0.loan_product_id 
    where
        la1_0.application_id=?
2026-06-06T11:24:07.578+05:30 DEBUG 19036 --- [loan-system] [nio-2727-exec-5] o.s.w.s.m.m.a.HttpEntityMethodProcessor  : Using 'application/json', given [application/json, text/plain, */*] and supported [application/json, application/*+json]
2026-06-06T11:24:07.581+05:30 DEBUG 19036 --- [loan-system] [nio-2727-exec-5] o.s.w.s.m.m.a.HttpEntityMethodProcessor  : Writing [[com.cblos.model.Collateral@6332c07b]]
2026-06-06T11:24:07.586+05:30 DEBUG 19036 --- [loan-system] [nio-2727-exec-9] o.s.w.s.m.m.a.HttpEntityMethodProcessor  : Using 'application/json', given [application/json, text/plain, */*] and supported [application/json, application/*+json]
2026-06-06T11:24:07.588+05:30 DEBUG 19036 --- [loan-system] [nio-2727-exec-9] o.s.w.s.m.m.a.HttpEntityMethodProcessor  : Writing [0.0]
2026-06-06T11:24:07.598+05:30 DEBUG 19036 --- [loan-system] [nio-2727-exec-9] o.s.web.servlet.DispatcherServlet        : Completed 200 OK
2026-06-06T11:24:07.642+05:30 DEBUG 19036 --- [loan-system] [nio-2727-exec-5] o.s.web.servlet.DispatcherServlet        : Completed 200 OK
? [Database Engine] Inspecting Application Package Entry ID: 1
? [Database Engine] Match Found! File: Screenshot 2025-10-01 203747.png | Target Column Size: 12759 bytes.
2026-06-06T11:24:07.827+05:30 DEBUG 19036 --- [loan-system] [nio-2727-exec-7] o.s.w.s.m.m.a.HttpEntityMethodProcessor  : Using 'application/json', given [application/json, text/plain, */*] and supported [application/json, application/*+json]
2026-06-06T11:24:07.949+05:30 DEBUG 19036 --- [loan-system] [nio-2727-exec-7] o.s.w.s.m.m.a.HttpEntityMethodProcessor  : Writing [[DocumentSummary[documentId=1, applicationId=1, fileName=Screenshot 2025-10-01 203747.png, fileType= (truncated)...]
2026-06-06T11:24:07.985+05:30 DEBUG 19036 --- [loan-system] [nio-2727-exec-7] o.s.web.servlet.DispatcherServlet        : Completed 200 OK
2026-06-06T11:24:08.009+05:30 DEBUG 19036 --- [loan-system] [io-2727-exec-10] o.s.web.servlet.DispatcherServlet        : GET "/api/documents/download/1", parameters={}
2026-06-06T11:24:08.009+05:30 DEBUG 19036 --- [loan-system] [io-2727-exec-10] s.w.s.m.m.a.RequestMappingHandlerMapping : Mapped to com.cblos.controller.DocumentController#getDocument(Integer)
2026-06-06T11:24:08.025+05:30 DEBUG 19036 --- [loan-system] [io-2727-exec-10] org.hibernate.SQL                        : 
    select
        d1_0.document_id,
        cc1_0.id,
        cc1_0.password,
        cc1_0.business_address,
        cc1_0.company_email,
        cc1_0.company_name,
        cc1_0.industry_type,
        cc1_0.phone_number,
        cc1_0.rejection_reason,
        cc1_0.status,
        cc1_0.tax_id,
        d1_0.document_type,
        d1_0.file_data,
        d1_0.file_name,
        d1_0.file_type,
        la1_0.application_id,
        la1_0.customer_id,
        c1_0.id,
        c1_0.password,
        c1_0.business_address,
        c1_0.company_email,
        c1_0.company_name,
        c1_0.industry_type,
        c1_0.phone_number,
        c1_0.rejection_reason,
        c1_0.status,
        c1_0.tax_id,
        la1_0.loan_amount,
        lo1_0.id,
        lo1_0.active_application_count,
        lo1_0.employee_email,
        lo1_0.employee_id,
        lo1_0.name,
        lo1_0.password,
        lo1_0.role,
        lp1_0.id,
        lp1_0.default_interest_rate,
        lp1_0.description,
        lp1_0.max_loan_amount,
        lp1_0.max_tenure_months,
        lp1_0.min_loan_amount,
        lp1_0.min_tenure_months,
        lp1_0.product_name,
        la1_0.loan_type,
        la1_0.requested_tenure_months,
        la1_0.status,
        la1_0.submission_date,
        d1_0.upload_date 
    from
        document d1_0 
    left join
        corporate_customer cc1_0 
            on cc1_0.id=d1_0.customer_id 
    left join
        loan_application la1_0 
            on la1_0.application_id=d1_0.application_id 
    left join
        corporate_customer c1_0 
            on c1_0.id=la1_0.customer_id 
    left join
        officers lo1_0 
            on lo1_0.id=la1_0.officer_id 
    left join
        loan_products lp1_0 
            on lp1_0.id=la1_0.loan_product_id 
    where
        d1_0.document_id=?
Hibernate: 
    select
        d1_0.document_id,
        cc1_0.id,
        cc1_0.password,
        cc1_0.business_address,
        cc1_0.company_email,
        cc1_0.company_name,
        cc1_0.industry_type,
        cc1_0.phone_number,
        cc1_0.rejection_reason,
        cc1_0.status,
        cc1_0.tax_id,
        d1_0.document_type,
        d1_0.file_data,
        d1_0.file_name,
        d1_0.file_type,
        la1_0.application_id,
        la1_0.customer_id,
        c1_0.id,
        c1_0.password,
        c1_0.business_address,
        c1_0.company_email,
        c1_0.company_name,
        c1_0.industry_type,
        c1_0.phone_number,
        c1_0.rejection_reason,
        c1_0.status,
        c1_0.tax_id,
        la1_0.loan_amount,
        lo1_0.id,
        lo1_0.active_application_count,
        lo1_0.employee_email,
        lo1_0.employee_id,
        lo1_0.name,
        lo1_0.password,
        lo1_0.role,
        lp1_0.id,
        lp1_0.default_interest_rate,
        lp1_0.description,
        lp1_0.max_loan_amount,
        lp1_0.max_tenure_months,
        lp1_0.min_loan_amount,
        lp1_0.min_tenure_months,
        lp1_0.product_name,
        la1_0.loan_type,
        la1_0.requested_tenure_months,
        la1_0.status,
        la1_0.submission_date,
        d1_0.upload_date 
    from
        document d1_0 
    left join
        corporate_customer cc1_0 
            on cc1_0.id=d1_0.customer_id 
    left join
        loan_application la1_0 
            on la1_0.application_id=d1_0.application_id 
    left join
        corporate_customer c1_0 
            on c1_0.id=la1_0.customer_id 
    left join
        officers lo1_0 
            on lo1_0.id=la1_0.officer_id 
    left join
        loan_products lp1_0 
            on lp1_0.id=la1_0.loan_product_id 
    where
        d1_0.document_id=?
2026-06-06T11:24:08.073+05:30 DEBUG 19036 --- [loan-system] [io-2727-exec-10] o.s.w.s.m.m.a.HttpEntityMethodProcessor  : Found 'Content-Type:image/png' in response
2026-06-06T11:24:08.126+05:30 DEBUG 19036 --- [loan-system] [io-2727-exec-10] o.s.w.s.m.m.a.HttpEntityMethodProcessor  : Writing [{89504e470d0a1a0a0000000d494844520000032f0000011c0806000000ce5c8b1a000000017352474200aece1ce90000000 (truncated)...]
2026-06-06T11:24:08.135+05:30 DEBUG 19036 --- [loan-system] [io-2727-exec-10] o.s.web.servlet.DispatcherServlet        : Completed 200 OK
2026-06-06T11:24:23.742+05:30 DEBUG 19036 --- [loan-system] [nio-2727-exec-8] o.s.web.servlet.DispatcherServlet        : PUT "/api/loans/officer-review/1?score=780&notes=&pass=true", parameters={masked}
2026-06-06T11:24:23.742+05:30 DEBUG 19036 --- [loan-system] [nio-2727-exec-8] s.w.s.m.m.a.RequestMappingHandlerMapping : Mapped to com.cblos.controller.LoanApplicationController#officerReview(Integer, Integer, String, boolean)
2026-06-06T11:24:23.796+05:30 DEBUG 19036 --- [loan-system] [nio-2727-exec-8] org.hibernate.SQL                        : 
    select
        la1_0.application_id,
        la1_0.customer_id,
        c1_0.id,
        c1_0.password,
        c1_0.business_address,
        c1_0.company_email,
        c1_0.company_name,
        c1_0.industry_type,
        c1_0.phone_number,
        c1_0.rejection_reason,
        c1_0.status,
        c1_0.tax_id,
        la1_0.loan_amount,
        lo1_0.id,
        lo1_0.active_application_count,
        lo1_0.employee_email,
        lo1_0.employee_id,
        lo1_0.name,
        lo1_0.password,
        lo1_0.role,
        lp1_0.id,
        lp1_0.default_interest_rate,
        lp1_0.description,
        lp1_0.max_loan_amount,
        lp1_0.max_tenure_months,
        lp1_0.min_loan_amount,
        lp1_0.min_tenure_months,
        lp1_0.product_name,
        la1_0.loan_type,
        la1_0.requested_tenure_months,
        la1_0.status,
        la1_0.submission_date 
    from
        loan_application la1_0 
    join
        corporate_customer c1_0 
            on c1_0.id=la1_0.customer_id 
    left join
        officers lo1_0 
            on lo1_0.id=la1_0.officer_id 
    left join
        loan_products lp1_0 
            on lp1_0.id=la1_0.loan_product_id 
    where
        la1_0.application_id=?
Hibernate: 
    select
        la1_0.application_id,
        la1_0.customer_id,
        c1_0.id,
        c1_0.password,
        c1_0.business_address,
        c1_0.company_email,
        c1_0.company_name,
        c1_0.industry_type,
        c1_0.phone_number,
        c1_0.rejection_reason,
        c1_0.status,
        c1_0.tax_id,
        la1_0.loan_amount,
        lo1_0.id,
        lo1_0.active_application_count,
        lo1_0.employee_email,
        lo1_0.employee_id,
        lo1_0.name,
        lo1_0.password,
        lo1_0.role,
        lp1_0.id,
        lp1_0.default_interest_rate,
        lp1_0.description,
        lp1_0.max_loan_amount,
        lp1_0.max_tenure_months,
        lp1_0.min_loan_amount,
        lp1_0.min_tenure_months,
        lp1_0.product_name,
        la1_0.loan_type,
        la1_0.requested_tenure_months,
        la1_0.status,
        la1_0.submission_date 
    from
        loan_application la1_0 
    join
        corporate_customer c1_0 
            on c1_0.id=la1_0.customer_id 
    left join
        officers lo1_0 
            on lo1_0.id=la1_0.officer_id 
    left join
        loan_products lp1_0 
            on lp1_0.id=la1_0.loan_product_id 
    where
        la1_0.application_id=?
? Officer Audit Complete: Forwarding Application ID 1 to Manager queue.
2026-06-06T11:24:24.007+05:30 DEBUG 19036 --- [loan-system] [nio-2727-exec-8] org.hibernate.SQL                        : 
    update
        loan_application 
    set
        customer_id=?,
        loan_amount=?,
        officer_id=?,
        loan_product_id=?,
        loan_type=?,
        requested_tenure_months=?,
        status=?,
        submission_date=? 
    where
        application_id=?
Hibernate: 
    update
        loan_application 
    set
        customer_id=?,
        loan_amount=?,
        officer_id=?,
        loan_product_id=?,
        loan_type=?,
        requested_tenure_months=?,
        status=?,
        submission_date=? 
    where
        application_id=?
2026-06-06T11:24:24.071+05:30 DEBUG 19036 --- [loan-system] [nio-2727-exec-8] o.s.w.s.m.m.a.HttpEntityMethodProcessor  : Using 'application/json', given [application/json, text/plain, */*] and supported [application/json, application/*+json]
2026-06-06T11:24:24.071+05:30 DEBUG 19036 --- [loan-system] [nio-2727-exec-8] o.s.w.s.m.m.a.HttpEntityMethodProcessor  : Writing [com.cblos.model.LoanApplication@706b0234]
2026-06-06T11:24:24.071+05:30 DEBUG 19036 --- [loan-system] [nio-2727-exec-8] o.s.web.servlet.DispatcherServlet        : Completed 200 OK
2026-06-06T11:24:24.109+05:30 DEBUG 19036 --- [loan-system] [nio-2727-exec-1] o.s.web.servlet.DispatcherServlet        : GET "/api/loans/all", parameters={}
2026-06-06T11:24:24.109+05:30 DEBUG 19036 --- [loan-system] [nio-2727-exec-1] s.w.s.m.m.a.RequestMappingHandlerMapping : Mapped to com.cblos.controller.LoanApplicationController#getAllApplications()
2026-06-06T11:24:24.117+05:30 DEBUG 19036 --- [loan-system] [nio-2727-exec-1] org.hibernate.SQL                        : 
    select
        la1_0.application_id,
        la1_0.customer_id,
        la1_0.loan_amount,
        la1_0.officer_id,
        la1_0.loan_product_id,
        la1_0.loan_type,
        la1_0.requested_tenure_months,
        la1_0.status,
        la1_0.submission_date 
    from
        loan_application la1_0
Hibernate: 
    select
        la1_0.application_id,
        la1_0.customer_id,
        la1_0.loan_amount,
        la1_0.officer_id,
        la1_0.loan_product_id,
        la1_0.loan_type,
        la1_0.requested_tenure_months,
        la1_0.status,
        la1_0.submission_date 
    from
        loan_application la1_0
2026-06-06T11:24:24.125+05:30 DEBUG 19036 --- [loan-system] [nio-2727-exec-1] org.hibernate.SQL                        : 
    select
        cc1_0.id,
        cc1_0.password,
        cc1_0.business_address,
        cc1_0.company_email,
        cc1_0.company_name,
        cc1_0.industry_type,
        cc1_0.phone_number,
        cc1_0.rejection_reason,
        cc1_0.status,
        cc1_0.tax_id 
    from
        corporate_customer cc1_0 
    where
        cc1_0.id=?
Hibernate: 
    select
        cc1_0.id,
        cc1_0.password,
        cc1_0.business_address,
        cc1_0.company_email,
        cc1_0.company_name,
        cc1_0.industry_type,
        cc1_0.phone_number,
        cc1_0.rejection_reason,
        cc1_0.status,
        cc1_0.tax_id 
    from
        corporate_customer cc1_0 
    where
        cc1_0.id=?
2026-06-06T11:24:24.125+05:30 DEBUG 19036 --- [loan-system] [nio-2727-exec-1] org.hibernate.SQL                        : 
    select
        lo1_0.id,
        lo1_0.active_application_count,
        lo1_0.employee_email,
        lo1_0.employee_id,
        lo1_0.name,
        lo1_0.password,
        lo1_0.role 
    from
        officers lo1_0 
    where
        lo1_0.id=?
Hibernate: 
    select
        lo1_0.id,
        lo1_0.active_application_count,
        lo1_0.employee_email,
        lo1_0.employee_id,
        lo1_0.name,
        lo1_0.password,
        lo1_0.role 
    from
        officers lo1_0 
    where
        lo1_0.id=?
2026-06-06T11:24:24.132+05:30 DEBUG 19036 --- [loan-system] [nio-2727-exec-1] org.hibernate.SQL                        : 
    select
        lp1_0.id,
        lp1_0.default_interest_rate,
        lp1_0.description,
        lp1_0.max_loan_amount,
        lp1_0.max_tenure_months,
        lp1_0.min_loan_amount,
        lp1_0.min_tenure_months,
        lp1_0.product_name 
    from
        loan_products lp1_0 
    where
        lp1_0.id=?
Hibernate: 
    select
        lp1_0.id,
        lp1_0.default_interest_rate,
        lp1_0.description,
        lp1_0.max_loan_amount,
        lp1_0.max_tenure_months,
        lp1_0.min_loan_amount,
        lp1_0.min_tenure_months,
        lp1_0.product_name 
    from
        loan_products lp1_0 
    where
        lp1_0.id=?
2026-06-06T11:24:24.144+05:30 DEBUG 19036 --- [loan-system] [nio-2727-exec-1] o.s.w.s.m.m.a.HttpEntityMethodProcessor  : Using 'application/json', given [application/json, text/plain, */*] and supported [application/json, application/*+json]
2026-06-06T11:24:24.144+05:30 DEBUG 19036 --- [loan-system] [nio-2727-exec-1] o.s.w.s.m.m.a.HttpEntityMethodProcessor  : Writing [[com.cblos.model.LoanApplication@38307333]]
2026-06-06T11:24:24.144+05:30 DEBUG 19036 --- [loan-system] [nio-2727-exec-1] o.s.web.servlet.DispatcherServlet        : Completed 200 OK
2026-06-06T11:24:26.748+05:30 DEBUG 19036 --- [loan-system] [nio-2727-exec-2] o.s.web.servlet.DispatcherServlet        : POST "/api/auth/logout", parameters={}
2026-06-06T11:24:26.748+05:30 DEBUG 19036 --- [loan-system] [nio-2727-exec-2] s.w.s.m.m.a.RequestMappingHandlerMapping : Mapped to com.cblos.controller.AuthController#logout(HttpServletRequest)
2026-06-06T11:24:26.757+05:30 DEBUG 19036 --- [loan-system] [nio-2727-exec-2] o.s.w.s.m.m.a.HttpEntityMethodProcessor  : Using 'application/json', given [application/json, text/plain, */*] and supported [application/json, application/*+json]
2026-06-06T11:24:26.757+05:30 DEBUG 19036 --- [loan-system] [nio-2727-exec-2] o.s.w.s.m.m.a.HttpEntityMethodProcessor  : Writing [{status=OK, message=Logged out successfully.}]
2026-06-06T11:24:26.762+05:30 DEBUG 19036 --- [loan-system] [nio-2727-exec-2] o.s.web.servlet.DispatcherServlet        : Completed 200 OK
2026-06-06T11:24:44.036+05:30 DEBUG 19036 --- [loan-system] [nio-2727-exec-4] o.s.web.servlet.DispatcherServlet        : POST "/api/auth/login", parameters={}
2026-06-06T11:24:44.036+05:30 DEBUG 19036 --- [loan-system] [nio-2727-exec-4] s.w.s.m.m.a.RequestMappingHandlerMapping : Mapped to com.cblos.controller.AuthController#login(LoginRequest, HttpServletRequest)
2026-06-06T11:24:44.041+05:30 DEBUG 19036 --- [loan-system] [nio-2727-exec-4] m.m.a.RequestResponseBodyMethodProcessor : Read "application/json;charset=UTF-8" to [com.cblos.dto.LoginRequest@7aab6295]
2026-06-06T11:24:44.046+05:30 DEBUG 19036 --- [loan-system] [nio-2727-exec-4] org.hibernate.SQL                        : 
    select
        au1_0.id,
        au1_0.corporate_customer_id,
        au1_0.email,
        au1_0.loan_officer_id,
        au1_0.password,
        au1_0.role 
    from
        app_user au1_0 
    where
        au1_0.email=?
Hibernate: 
    select
        au1_0.id,
        au1_0.corporate_customer_id,
        au1_0.email,
        au1_0.loan_officer_id,
        au1_0.password,
        au1_0.role 
    from
        app_user au1_0 
    where
        au1_0.email=?
2026-06-06T11:24:44.271+05:30 DEBUG 19036 --- [loan-system] [nio-2727-exec-4] o.s.w.s.m.m.a.HttpEntityMethodProcessor  : Using 'application/json', given [application/json, text/plain, */*] and supported [application/json, application/*+json]
2026-06-06T11:24:44.271+05:30 DEBUG 19036 --- [loan-system] [nio-2727-exec-4] o.s.w.s.m.m.a.HttpEntityMethodProcessor  : Writing [{email=dhilipkumarm555@gmail.com, role=MANAGER, corporateCustomerId=null, loanOfficerId=4}]
2026-06-06T11:24:44.271+05:30 DEBUG 19036 --- [loan-system] [nio-2727-exec-4] o.s.web.servlet.DispatcherServlet        : Completed 200 OK
2026-06-06T11:24:44.324+05:30 DEBUG 19036 --- [loan-system] [nio-2727-exec-3] o.s.web.servlet.DispatcherServlet        : GET "/api/loans/all", parameters={}
2026-06-06T11:24:44.337+05:30 DEBUG 19036 --- [loan-system] [nio-2727-exec-3] s.w.s.m.m.a.RequestMappingHandlerMapping : Mapped to com.cblos.controller.LoanApplicationController#getAllApplications()
2026-06-06T11:24:44.428+05:30 DEBUG 19036 --- [loan-system] [nio-2727-exec-3] org.hibernate.SQL                        : 
    select
        la1_0.application_id,
        la1_0.customer_id,
        la1_0.loan_amount,
        la1_0.officer_id,
        la1_0.loan_product_id,
        la1_0.loan_type,
        la1_0.requested_tenure_months,
        la1_0.status,
        la1_0.submission_date 
    from
        loan_application la1_0
Hibernate: 
    select
        la1_0.application_id,
        la1_0.customer_id,
        la1_0.loan_amount,
        la1_0.officer_id,
        la1_0.loan_product_id,
        la1_0.loan_type,
        la1_0.requested_tenure_months,
        la1_0.status,
        la1_0.submission_date 
    from
        loan_application la1_0
2026-06-06T11:24:44.430+05:30 DEBUG 19036 --- [loan-system] [nio-2727-exec-3] org.hibernate.SQL                        : 
    select
        cc1_0.id,
        cc1_0.password,
        cc1_0.business_address,
        cc1_0.company_email,
        cc1_0.company_name,
        cc1_0.industry_type,
        cc1_0.phone_number,
        cc1_0.rejection_reason,
        cc1_0.status,
        cc1_0.tax_id 
    from
        corporate_customer cc1_0 
    where
        cc1_0.id=?
Hibernate: 
    select
        cc1_0.id,
        cc1_0.password,
        cc1_0.business_address,
        cc1_0.company_email,
        cc1_0.company_name,
        cc1_0.industry_type,
        cc1_0.phone_number,
        cc1_0.rejection_reason,
        cc1_0.status,
        cc1_0.tax_id 
    from
        corporate_customer cc1_0 
    where
        cc1_0.id=?
2026-06-06T11:24:44.430+05:30 DEBUG 19036 --- [loan-system] [nio-2727-exec-3] org.hibernate.SQL                        : 
    select
        lo1_0.id,
        lo1_0.active_application_count,
        lo1_0.employee_email,
        lo1_0.employee_id,
        lo1_0.name,
        lo1_0.password,
        lo1_0.role 
    from
        officers lo1_0 
    where
        lo1_0.id=?
Hibernate: 
    select
        lo1_0.id,
        lo1_0.active_application_count,
        lo1_0.employee_email,
        lo1_0.employee_id,
        lo1_0.name,
        lo1_0.password,
        lo1_0.role 
    from
        officers lo1_0 
    where
        lo1_0.id=?
2026-06-06T11:24:44.438+05:30 DEBUG 19036 --- [loan-system] [nio-2727-exec-3] org.hibernate.SQL                        : 
    select
        lp1_0.id,
        lp1_0.default_interest_rate,
        lp1_0.description,
        lp1_0.max_loan_amount,
        lp1_0.max_tenure_months,
        lp1_0.min_loan_amount,
        lp1_0.min_tenure_months,
        lp1_0.product_name 
    from
        loan_products lp1_0 
    where
        lp1_0.id=?
Hibernate: 
    select
        lp1_0.id,
        lp1_0.default_interest_rate,
        lp1_0.description,
        lp1_0.max_loan_amount,
        lp1_0.max_tenure_months,
        lp1_0.min_loan_amount,
        lp1_0.min_tenure_months,
        lp1_0.product_name 
    from
        loan_products lp1_0 
    where
        lp1_0.id=?
2026-06-06T11:24:44.442+05:30 DEBUG 19036 --- [loan-system] [nio-2727-exec-3] o.s.w.s.m.m.a.HttpEntityMethodProcessor  : Using 'application/json', given [application/json, text/plain, */*] and supported [application/json, application/*+json]
2026-06-06T11:24:44.442+05:30 DEBUG 19036 --- [loan-system] [nio-2727-exec-3] o.s.w.s.m.m.a.HttpEntityMethodProcessor  : Writing [[com.cblos.model.LoanApplication@3670202d]]
2026-06-06T11:24:44.442+05:30 DEBUG 19036 --- [loan-system] [nio-2727-exec-3] o.s.web.servlet.DispatcherServlet        : Completed 200 OK
2026-06-06T11:24:46.975+05:30 DEBUG 19036 --- [loan-system] [nio-2727-exec-6] o.s.web.servlet.DispatcherServlet        : GET "/api/loans/1", parameters={}
2026-06-06T11:24:46.975+05:30 DEBUG 19036 --- [loan-system] [nio-2727-exec-6] s.w.s.m.m.a.RequestMappingHandlerMapping : Mapped to com.cblos.controller.LoanApplicationController#viewApplicationDetails(Integer)
2026-06-06T11:24:46.985+05:30 DEBUG 19036 --- [loan-system] [nio-2727-exec-6] org.hibernate.SQL                        : 
    select
        la1_0.application_id,
        la1_0.customer_id,
        c1_0.id,
        c1_0.password,
        c1_0.business_address,
        c1_0.company_email,
        c1_0.company_name,
        c1_0.industry_type,
        c1_0.phone_number,
        c1_0.rejection_reason,
        c1_0.status,
        c1_0.tax_id,
        la1_0.loan_amount,
        lo1_0.id,
        lo1_0.active_application_count,
        lo1_0.employee_email,
        lo1_0.employee_id,
        lo1_0.name,
        lo1_0.password,
        lo1_0.role,
        lp1_0.id,
        lp1_0.default_interest_rate,
        lp1_0.description,
        lp1_0.max_loan_amount,
        lp1_0.max_tenure_months,
        lp1_0.min_loan_amount,
        lp1_0.min_tenure_months,
        lp1_0.product_name,
        la1_0.loan_type,
        la1_0.requested_tenure_months,
        la1_0.status,
        la1_0.submission_date 
    from
        loan_application la1_0 
    join
        corporate_customer c1_0 
            on c1_0.id=la1_0.customer_id 
    left join
        officers lo1_0 
            on lo1_0.id=la1_0.officer_id 
    left join
        loan_products lp1_0 
            on lp1_0.id=la1_0.loan_product_id 
    where
        la1_0.application_id=?
Hibernate: 
    select
        la1_0.application_id,
        la1_0.customer_id,
        c1_0.id,
        c1_0.password,
        c1_0.business_address,
        c1_0.company_email,
        c1_0.company_name,
        c1_0.industry_type,
        c1_0.phone_number,
        c1_0.rejection_reason,
        c1_0.status,
        c1_0.tax_id,
        la1_0.loan_amount,
        lo1_0.id,
        lo1_0.active_application_count,
        lo1_0.employee_email,
        lo1_0.employee_id,
        lo1_0.name,
        lo1_0.password,
        lo1_0.role,
        lp1_0.id,
        lp1_0.default_interest_rate,
        lp1_0.description,
        lp1_0.max_loan_amount,
        lp1_0.max_tenure_months,
        lp1_0.min_loan_amount,
        lp1_0.min_tenure_months,
        lp1_0.product_name,
        la1_0.loan_type,
        la1_0.requested_tenure_months,
        la1_0.status,
        la1_0.submission_date 
    from
        loan_application la1_0 
    join
        corporate_customer c1_0 
            on c1_0.id=la1_0.customer_id 
    left join
        officers lo1_0 
            on lo1_0.id=la1_0.officer_id 
    left join
        loan_products lp1_0 
            on lp1_0.id=la1_0.loan_product_id 
    where
        la1_0.application_id=?
2026-06-06T11:24:46.992+05:30 DEBUG 19036 --- [loan-system] [nio-2727-exec-6] o.s.w.s.m.m.a.HttpEntityMethodProcessor  : Using 'application/json', given [application/json, text/plain, */*] and supported [application/json, application/*+json]
2026-06-06T11:24:47.001+05:30 DEBUG 19036 --- [loan-system] [nio-2727-exec-6] o.s.w.s.m.m.a.HttpEntityMethodProcessor  : Writing [com.cblos.model.LoanApplication@4b3ff9de]
2026-06-06T11:24:47.001+05:30 DEBUG 19036 --- [loan-system] [nio-2727-exec-6] o.s.web.servlet.DispatcherServlet        : Completed 200 OK
2026-06-06T11:24:47.023+05:30 DEBUG 19036 --- [loan-system] [nio-2727-exec-9] o.s.web.servlet.DispatcherServlet        : GET "/api/collateral/loan/1", parameters={}
2026-06-06T11:24:47.023+05:30 DEBUG 19036 --- [loan-system] [nio-2727-exec-5] o.s.web.servlet.DispatcherServlet        : GET "/api/documents/application/1", parameters={}
2026-06-06T11:24:47.023+05:30 DEBUG 19036 --- [loan-system] [nio-2727-exec-9] s.w.s.m.m.a.RequestMappingHandlerMapping : Mapped to com.cblos.controller.CollateralController#getCollateral(Integer)
2026-06-06T11:24:47.023+05:30 DEBUG 19036 --- [loan-system] [nio-2727-exec-5] s.w.s.m.m.a.RequestMappingHandlerMapping : Mapped to com.cblos.controller.DocumentController#listDocs(Integer)
2026-06-06T11:24:47.023+05:30 DEBUG 19036 --- [loan-system] [nio-2727-exec-9] org.hibernate.SQL                        : 
    select
        c1_0.id,
        c1_0.asset_reference_number,
        c1_0.collateral_type,
        c1_0.description,
        c1_0.estimated_value,
        c1_0.application_id 
    from
        collateral c1_0 
    where
        c1_0.application_id=?
Hibernate: 
    select
        c1_0.id,
        c1_0.asset_reference_number,
        c1_0.collateral_type,
        c1_0.description,
        c1_0.estimated_value,
        c1_0.application_id 
    from
        collateral c1_0 
    where
        c1_0.application_id=?
2026-06-06T11:24:47.023+05:30 DEBUG 19036 --- [loan-system] [nio-2727-exec-5] org.hibernate.SQL                        : 
    select
        d1_0.document_id,
        d1_0.customer_id,
        d1_0.document_type,
        d1_0.file_data,
        d1_0.file_name,
        d1_0.file_type,
        d1_0.application_id,
        d1_0.upload_date 
    from
        document d1_0 
    where
        d1_0.application_id=?
Hibernate: 
    select
        d1_0.document_id,
        d1_0.customer_id,
        d1_0.document_type,
        d1_0.file_data,
        d1_0.file_name,
        d1_0.file_type,
        d1_0.application_id,
        d1_0.upload_date 
    from
        document d1_0 
    where
        d1_0.application_id=?
2026-06-06T11:24:47.035+05:30 DEBUG 19036 --- [loan-system] [nio-2727-exec-9] org.hibernate.SQL                        : 
    select
        la1_0.application_id,
        la1_0.customer_id,
        c1_0.id,
        c1_0.password,
        c1_0.business_address,
        c1_0.company_email,
        c1_0.company_name,
        c1_0.industry_type,
        c1_0.phone_number,
        c1_0.rejection_reason,
        c1_0.status,
        c1_0.tax_id,
        la1_0.loan_amount,
        lo1_0.id,
        lo1_0.active_application_count,
        lo1_0.employee_email,
        lo1_0.employee_id,
        lo1_0.name,
        lo1_0.password,
        lo1_0.role,
        lp1_0.id,
        lp1_0.default_interest_rate,
        lp1_0.description,
        lp1_0.max_loan_amount,
        lp1_0.max_tenure_months,
        lp1_0.min_loan_amount,
        lp1_0.min_tenure_months,
        lp1_0.product_name,
        la1_0.loan_type,
        la1_0.requested_tenure_months,
        la1_0.status,
        la1_0.submission_date 
    from
        loan_application la1_0 
    join
        corporate_customer c1_0 
            on c1_0.id=la1_0.customer_id 
    left join
        officers lo1_0 
            on lo1_0.id=la1_0.officer_id 
    left join
        loan_products lp1_0 
            on lp1_0.id=la1_0.loan_product_id 
    where
        la1_0.application_id=?
2026-06-06T11:24:47.035+05:30 DEBUG 19036 --- [loan-system] [nio-2727-exec-5] org.hibernate.SQL                        : 
    select
        cc1_0.id,
        cc1_0.password,
        cc1_0.business_address,
        cc1_0.company_email,
        cc1_0.company_name,
        cc1_0.industry_type,
        cc1_0.phone_number,
        cc1_0.rejection_reason,
        cc1_0.status,
        cc1_0.tax_id 
    from
        corporate_customer cc1_0 
    where
        cc1_0.id=?
Hibernate: 
    select
        cc1_0.id,
        cc1_0.password,
        cc1_0.business_address,
        cc1_0.company_email,
        cc1_0.company_name,
        cc1_0.industry_type,
        cc1_0.phone_number,
        cc1_0.rejection_reason,
        cc1_0.status,
        cc1_0.tax_id 
    from
        corporate_customer cc1_0 
    where
        cc1_0.id=?
Hibernate: 
    select
        la1_0.application_id,
        la1_0.customer_id,
        c1_0.id,
        c1_0.password,
        c1_0.business_address,
        c1_0.company_email,
        c1_0.company_name,
        c1_0.industry_type,
        c1_0.phone_number,
        c1_0.rejection_reason,
        c1_0.status,
        c1_0.tax_id,
        la1_0.loan_amount,
        lo1_0.id,
        lo1_0.active_application_count,
        lo1_0.employee_email,
        lo1_0.employee_id,
        lo1_0.name,
        lo1_0.password,
        lo1_0.role,
        lp1_0.id,
        lp1_0.default_interest_rate,
        lp1_0.description,
        lp1_0.max_loan_amount,
        lp1_0.max_tenure_months,
        lp1_0.min_loan_amount,
        lp1_0.min_tenure_months,
        lp1_0.product_name,
        la1_0.loan_type,
        la1_0.requested_tenure_months,
        la1_0.status,
        la1_0.submission_date 
    from
        loan_application la1_0 
    join
        corporate_customer c1_0 
            on c1_0.id=la1_0.customer_id 
    left join
        officers lo1_0 
            on lo1_0.id=la1_0.officer_id 
    left join
        loan_products lp1_0 
            on lp1_0.id=la1_0.loan_product_id 
    where
        la1_0.application_id=?
2026-06-06T11:24:47.043+05:30 DEBUG 19036 --- [loan-system] [nio-2727-exec-5] org.hibernate.SQL                        : 
    select
        la1_0.application_id,
        la1_0.customer_id,
        c1_0.id,
        c1_0.password,
        c1_0.business_address,
        c1_0.company_email,
        c1_0.company_name,
        c1_0.industry_type,
        c1_0.phone_number,
        c1_0.rejection_reason,
        c1_0.status,
        c1_0.tax_id,
        la1_0.loan_amount,
        lo1_0.id,
        lo1_0.active_application_count,
        lo1_0.employee_email,
        lo1_0.employee_id,
        lo1_0.name,
        lo1_0.password,
        lo1_0.role,
        lp1_0.id,
        lp1_0.default_interest_rate,
        lp1_0.description,
        lp1_0.max_loan_amount,
        lp1_0.max_tenure_months,
        lp1_0.min_loan_amount,
        lp1_0.min_tenure_months,
        lp1_0.product_name,
        la1_0.loan_type,
        la1_0.requested_tenure_months,
        la1_0.status,
        la1_0.submission_date 
    from
        loan_application la1_0 
    join
        corporate_customer c1_0 
            on c1_0.id=la1_0.customer_id 
    left join
        officers lo1_0 
            on lo1_0.id=la1_0.officer_id 
    left join
        loan_products lp1_0 
            on lp1_0.id=la1_0.loan_product_id 
    where
        la1_0.application_id=?
Hibernate: 
    select
        la1_0.application_id,
        la1_0.customer_id,
        c1_0.id,
        c1_0.password,
        c1_0.business_address,
        c1_0.company_email,
        c1_0.company_name,
        c1_0.industry_type,
        c1_0.phone_number,
        c1_0.rejection_reason,
        c1_0.status,
        c1_0.tax_id,
        la1_0.loan_amount,
        lo1_0.id,
        lo1_0.active_application_count,
        lo1_0.employee_email,
        lo1_0.employee_id,
        lo1_0.name,
        lo1_0.password,
        lo1_0.role,
        lp1_0.id,
        lp1_0.default_interest_rate,
        lp1_0.description,
        lp1_0.max_loan_amount,
        lp1_0.max_tenure_months,
        lp1_0.min_loan_amount,
        lp1_0.min_tenure_months,
        lp1_0.product_name,
        la1_0.loan_type,
        la1_0.requested_tenure_months,
        la1_0.status,
        la1_0.submission_date 
    from
        loan_application la1_0 
    join
        corporate_customer c1_0 
            on c1_0.id=la1_0.customer_id 
    left join
        officers lo1_0 
            on lo1_0.id=la1_0.officer_id 
    left join
        loan_products lp1_0 
            on lp1_0.id=la1_0.loan_product_id 
    where
        la1_0.application_id=?
2026-06-06T11:24:47.051+05:30 DEBUG 19036 --- [loan-system] [nio-2727-exec-9] o.s.w.s.m.m.a.HttpEntityMethodProcessor  : Using 'application/json', given [application/json, text/plain, */*] and supported [application/json, application/*+json]
2026-06-06T11:24:47.052+05:30 DEBUG 19036 --- [loan-system] [nio-2727-exec-9] o.s.w.s.m.m.a.HttpEntityMethodProcessor  : Writing [[com.cblos.model.Collateral@52c9d3bd]]
? [Database Engine] Inspecting Application Package Entry ID: 1
? [Database Engine] Match Found! File: Screenshot 2025-10-01 203747.png | Target Column Size: 12759 bytes.
2026-06-06T11:24:47.057+05:30 DEBUG 19036 --- [loan-system] [nio-2727-exec-9] o.s.web.servlet.DispatcherServlet        : Completed 200 OK
2026-06-06T11:24:47.057+05:30 DEBUG 19036 --- [loan-system] [nio-2727-exec-5] o.s.w.s.m.m.a.HttpEntityMethodProcessor  : Using 'application/json', given [application/json, text/plain, */*] and supported [application/json, application/*+json]
2026-06-06T11:24:47.057+05:30 DEBUG 19036 --- [loan-system] [nio-2727-exec-5] o.s.w.s.m.m.a.HttpEntityMethodProcessor  : Writing [[DocumentSummary[documentId=1, applicationId=1, fileName=Screenshot 2025-10-01 203747.png, fileType= (truncated)...]
2026-06-06T11:24:47.063+05:30 DEBUG 19036 --- [loan-system] [nio-2727-exec-5] o.s.web.servlet.DispatcherServlet        : Completed 200 OK
2026-06-06T11:24:47.084+05:30 DEBUG 19036 --- [loan-system] [nio-2727-exec-7] o.s.web.servlet.DispatcherServlet        : GET "/api/documents/download/1", parameters={}
2026-06-06T11:24:47.084+05:30 DEBUG 19036 --- [loan-system] [nio-2727-exec-7] s.w.s.m.m.a.RequestMappingHandlerMapping : Mapped to com.cblos.controller.DocumentController#getDocument(Integer)
2026-06-06T11:24:47.090+05:30 DEBUG 19036 --- [loan-system] [nio-2727-exec-7] org.hibernate.SQL                        : 
    select
        d1_0.document_id,
        cc1_0.id,
        cc1_0.password,
        cc1_0.business_address,
        cc1_0.company_email,
        cc1_0.company_name,
        cc1_0.industry_type,
        cc1_0.phone_number,
        cc1_0.rejection_reason,
        cc1_0.status,
        cc1_0.tax_id,
        d1_0.document_type,
        d1_0.file_data,
        d1_0.file_name,
        d1_0.file_type,
        la1_0.application_id,
        la1_0.customer_id,
        c1_0.id,
        c1_0.password,
        c1_0.business_address,
        c1_0.company_email,
        c1_0.company_name,
        c1_0.industry_type,
        c1_0.phone_number,
        c1_0.rejection_reason,
        c1_0.status,
        c1_0.tax_id,
        la1_0.loan_amount,
        lo1_0.id,
        lo1_0.active_application_count,
        lo1_0.employee_email,
        lo1_0.employee_id,
        lo1_0.name,
        lo1_0.password,
        lo1_0.role,
        lp1_0.id,
        lp1_0.default_interest_rate,
        lp1_0.description,
        lp1_0.max_loan_amount,
        lp1_0.max_tenure_months,
        lp1_0.min_loan_amount,
        lp1_0.min_tenure_months,
        lp1_0.product_name,
        la1_0.loan_type,
        la1_0.requested_tenure_months,
        la1_0.status,
        la1_0.submission_date,
        d1_0.upload_date 
    from
        document d1_0 
    left join
        corporate_customer cc1_0 
            on cc1_0.id=d1_0.customer_id 
    left join
        loan_application la1_0 
            on la1_0.application_id=d1_0.application_id 
    left join
        corporate_customer c1_0 
            on c1_0.id=la1_0.customer_id 
    left join
        officers lo1_0 
            on lo1_0.id=la1_0.officer_id 
    left join
        loan_products lp1_0 
            on lp1_0.id=la1_0.loan_product_id 
    where
        d1_0.document_id=?
Hibernate: 
    select
        d1_0.document_id,
        cc1_0.id,
        cc1_0.password,
        cc1_0.business_address,
        cc1_0.company_email,
        cc1_0.company_name,
        cc1_0.industry_type,
        cc1_0.phone_number,
        cc1_0.rejection_reason,
        cc1_0.status,
        cc1_0.tax_id,
        d1_0.document_type,
        d1_0.file_data,
        d1_0.file_name,
        d1_0.file_type,
        la1_0.application_id,
        la1_0.customer_id,
        c1_0.id,
        c1_0.password,
        c1_0.business_address,
        c1_0.company_email,
        c1_0.company_name,
        c1_0.industry_type,
        c1_0.phone_number,
        c1_0.rejection_reason,
        c1_0.status,
        c1_0.tax_id,
        la1_0.loan_amount,
        lo1_0.id,
        lo1_0.active_application_count,
        lo1_0.employee_email,
        lo1_0.employee_id,
        lo1_0.name,
        lo1_0.password,
        lo1_0.role,
        lp1_0.id,
        lp1_0.default_interest_rate,
        lp1_0.description,
        lp1_0.max_loan_amount,
        lp1_0.max_tenure_months,
        lp1_0.min_loan_amount,
        lp1_0.min_tenure_months,
        lp1_0.product_name,
        la1_0.loan_type,
        la1_0.requested_tenure_months,
        la1_0.status,
        la1_0.submission_date,
        d1_0.upload_date 
    from
        document d1_0 
    left join
        corporate_customer cc1_0 
            on cc1_0.id=d1_0.customer_id 
    left join
        loan_application la1_0 
            on la1_0.application_id=d1_0.application_id 
    left join
        corporate_customer c1_0 
            on c1_0.id=la1_0.customer_id 
    left join
        officers lo1_0 
            on lo1_0.id=la1_0.officer_id 
    left join
        loan_products lp1_0 
            on lp1_0.id=la1_0.loan_product_id 
    where
        d1_0.document_id=?
2026-06-06T11:24:47.106+05:30 DEBUG 19036 --- [loan-system] [nio-2727-exec-7] o.s.w.s.m.m.a.HttpEntityMethodProcessor  : Found 'Content-Type:image/png' in response
2026-06-06T11:24:47.106+05:30 DEBUG 19036 --- [loan-system] [nio-2727-exec-7] o.s.w.s.m.m.a.HttpEntityMethodProcessor  : Writing [{89504e470d0a1a0a0000000d494844520000032f0000011c0806000000ce5c8b1a000000017352474200aece1ce90000000 (truncated)...]
2026-06-06T11:24:47.106+05:30 DEBUG 19036 --- [loan-system] [nio-2727-exec-7] o.s.web.servlet.DispatcherServlet        : Completed 200 OK
2026-06-06T11:24:54.249+05:30 DEBUG 19036 --- [loan-system] [io-2727-exec-10] o.s.web.servlet.DispatcherServlet        : PUT "/api/loans/manager-approval/1?approve=true", parameters={masked}
2026-06-06T11:24:54.250+05:30 DEBUG 19036 --- [loan-system] [io-2727-exec-10] s.w.s.m.m.a.RequestMappingHandlerMapping : Mapped to com.cblos.controller.LoanApplicationController#managerApproval(Integer, boolean)
2026-06-06T11:24:54.265+05:30 DEBUG 19036 --- [loan-system] [io-2727-exec-10] org.hibernate.SQL                        : 
    select
        la1_0.application_id,
        la1_0.customer_id,
        c1_0.id,
        c1_0.password,
        c1_0.business_address,
        c1_0.company_email,
        c1_0.company_name,
        c1_0.industry_type,
        c1_0.phone_number,
        c1_0.rejection_reason,
        c1_0.status,
        c1_0.tax_id,
        la1_0.loan_amount,
        lo1_0.id,
        lo1_0.active_application_count,
        lo1_0.employee_email,
        lo1_0.employee_id,
        lo1_0.name,
        lo1_0.password,
        lo1_0.role,
        lp1_0.id,
        lp1_0.default_interest_rate,
        lp1_0.description,
        lp1_0.max_loan_amount,
        lp1_0.max_tenure_months,
        lp1_0.min_loan_amount,
        lp1_0.min_tenure_months,
        lp1_0.product_name,
        la1_0.loan_type,
        la1_0.requested_tenure_months,
        la1_0.status,
        la1_0.submission_date 
    from
        loan_application la1_0 
    join
        corporate_customer c1_0 
            on c1_0.id=la1_0.customer_id 
    left join
        officers lo1_0 
            on lo1_0.id=la1_0.officer_id 
    left join
        loan_products lp1_0 
            on lp1_0.id=la1_0.loan_product_id 
    where
        la1_0.application_id=?
Hibernate: 
    select
        la1_0.application_id,
        la1_0.customer_id,
        c1_0.id,
        c1_0.password,
        c1_0.business_address,
        c1_0.company_email,
        c1_0.company_name,
        c1_0.industry_type,
        c1_0.phone_number,
        c1_0.rejection_reason,
        c1_0.status,
        c1_0.tax_id,
        la1_0.loan_amount,
        lo1_0.id,
        lo1_0.active_application_count,
        lo1_0.employee_email,
        lo1_0.employee_id,
        lo1_0.name,
        lo1_0.password,
        lo1_0.role,
        lp1_0.id,
        lp1_0.default_interest_rate,
        lp1_0.description,
        lp1_0.max_loan_amount,
        lp1_0.max_tenure_months,
        lp1_0.min_loan_amount,
        lp1_0.min_tenure_months,
        lp1_0.product_name,
        la1_0.loan_type,
        la1_0.requested_tenure_months,
        la1_0.status,
        la1_0.submission_date 
    from
        loan_application la1_0 
    join
        corporate_customer c1_0 
            on c1_0.id=la1_0.customer_id 
    left join
        officers lo1_0 
            on lo1_0.id=la1_0.officer_id 
    left join
        loan_products lp1_0 
            on lp1_0.id=la1_0.loan_product_id 
    where
        la1_0.application_id=?
Model State Updated: Application ID 1 is officially APPROVED.
? Dynamic Pricing Applied: Tenure is 12 months. Rate set to 10.5%
2026-06-06T11:24:54.299+05:30 DEBUG 19036 --- [loan-system] [io-2727-exec-10] org.hibernate.SQL                        : 
    insert 
    into
        loan_account
        (account_number, customer_id, interest_rate, application_id, opening_date, principal_amount, status) 
    values
        (?, ?, ?, ?, ?, ?, ?)
Hibernate: 
    insert 
    into
        loan_account
        (account_number, customer_id, interest_rate, application_id, opening_date, principal_amount, status) 
    values
        (?, ?, ?, ?, ?, ?, ?)
2026-06-06T11:24:54.332+05:30 DEBUG 19036 --- [loan-system] [io-2727-exec-10] org.hibernate.SQL                        : 
    update
        loan_application 
    set
        customer_id=?,
        loan_amount=?,
        officer_id=?,
        loan_product_id=?,
        loan_type=?,
        requested_tenure_months=?,
        status=?,
        submission_date=? 
    where
        application_id=?
Hibernate: 
    update
        loan_application 
    set
        customer_id=?,
        loan_amount=?,
        officer_id=?,
        loan_product_id=?,
        loan_type=?,
        requested_tenure_months=?,
        status=?,
        submission_date=? 
    where
        application_id=?
?? Core Ledger Updated: Loan Account ACT-1780725294282 generated.
2026-06-06T11:24:54.365+05:30 DEBUG 19036 --- [loan-system] [io-2727-exec-10] org.hibernate.SQL                        : 
    insert 
    into
        disbursement
        (disbursed_amount, disbursement_date, account_id, reference_number) 
    values
        (?, ?, ?, ?)
Hibernate: 
    insert 
    into
        disbursement
        (disbursed_amount, disbursement_date, account_id, reference_number) 
    values
        (?, ?, ?, ?)
2026-06-06T11:24:54.382+05:30 DEBUG 19036 --- [loan-system] [io-2727-exec-10] org.hibernate.SQL                        : 
    insert 
    into
        repayment_schedule
        (due_date, installment_amount, installment_number, interest_component, account_id, principal_component, status) 
    values
        (?, ?, ?, ?, ?, ?, ?)
Hibernate: 
    insert 
    into
        repayment_schedule
        (due_date, installment_amount, installment_number, interest_component, account_id, principal_component, status) 
    values
        (?, ?, ?, ?, ?, ?, ?)
2026-06-06T11:24:54.395+05:30 DEBUG 19036 --- [loan-system] [io-2727-exec-10] org.hibernate.SQL                        : 
    insert 
    into
        repayment_schedule
        (due_date, installment_amount, installment_number, interest_component, account_id, principal_component, status) 
    values
        (?, ?, ?, ?, ?, ?, ?)
Hibernate: 
    insert 
    into
        repayment_schedule
        (due_date, installment_amount, installment_number, interest_component, account_id, principal_component, status) 
    values
        (?, ?, ?, ?, ?, ?, ?)
2026-06-06T11:24:54.404+05:30 DEBUG 19036 --- [loan-system] [io-2727-exec-10] org.hibernate.SQL                        : 
    insert 
    into
        repayment_schedule
        (due_date, installment_amount, installment_number, interest_component, account_id, principal_component, status) 
    values
        (?, ?, ?, ?, ?, ?, ?)
Hibernate: 
    insert 
    into
        repayment_schedule
        (due_date, installment_amount, installment_number, interest_component, account_id, principal_component, status) 
    values
        (?, ?, ?, ?, ?, ?, ?)
2026-06-06T11:24:54.412+05:30 DEBUG 19036 --- [loan-system] [io-2727-exec-10] org.hibernate.SQL                        : 
    insert 
    into
        repayment_schedule
        (due_date, installment_amount, installment_number, interest_component, account_id, principal_component, status) 
    values
        (?, ?, ?, ?, ?, ?, ?)
Hibernate: 
    insert 
    into
        repayment_schedule
        (due_date, installment_amount, installment_number, interest_component, account_id, principal_component, status) 
    values
        (?, ?, ?, ?, ?, ?, ?)
2026-06-06T11:24:54.418+05:30 DEBUG 19036 --- [loan-system] [io-2727-exec-10] org.hibernate.SQL                        : 
    insert 
    into
        repayment_schedule
        (due_date, installment_amount, installment_number, interest_component, account_id, principal_component, status) 
    values
        (?, ?, ?, ?, ?, ?, ?)
Hibernate: 
    insert 
    into
        repayment_schedule
        (due_date, installment_amount, installment_number, interest_component, account_id, principal_component, status) 
    values
        (?, ?, ?, ?, ?, ?, ?)
2026-06-06T11:24:54.418+05:30 DEBUG 19036 --- [loan-system] [io-2727-exec-10] org.hibernate.SQL                        : 
    insert 
    into
        repayment_schedule
        (due_date, installment_amount, installment_number, interest_component, account_id, principal_component, status) 
    values
        (?, ?, ?, ?, ?, ?, ?)
Hibernate: 
    insert 
    into
        repayment_schedule
        (due_date, installment_amount, installment_number, interest_component, account_id, principal_component, status) 
    values
        (?, ?, ?, ?, ?, ?, ?)
2026-06-06T11:24:54.429+05:30 DEBUG 19036 --- [loan-system] [io-2727-exec-10] org.hibernate.SQL                        : 
    insert 
    into
        repayment_schedule
        (due_date, installment_amount, installment_number, interest_component, account_id, principal_component, status) 
    values
        (?, ?, ?, ?, ?, ?, ?)
Hibernate: 
    insert 
    into
        repayment_schedule
        (due_date, installment_amount, installment_number, interest_component, account_id, principal_component, status) 
    values
        (?, ?, ?, ?, ?, ?, ?)
2026-06-06T11:24:54.437+05:30 DEBUG 19036 --- [loan-system] [io-2727-exec-10] org.hibernate.SQL                        : 
    insert 
    into
        repayment_schedule
        (due_date, installment_amount, installment_number, interest_component, account_id, principal_component, status) 
    values
        (?, ?, ?, ?, ?, ?, ?)
Hibernate: 
    insert 
    into
        repayment_schedule
        (due_date, installment_amount, installment_number, interest_component, account_id, principal_component, status) 
    values
        (?, ?, ?, ?, ?, ?, ?)
2026-06-06T11:24:54.442+05:30 DEBUG 19036 --- [loan-system] [io-2727-exec-10] org.hibernate.SQL                        : 
    insert 
    into
        repayment_schedule
        (due_date, installment_amount, installment_number, interest_component, account_id, principal_component, status) 
    values
        (?, ?, ?, ?, ?, ?, ?)
Hibernate: 
    insert 
    into
        repayment_schedule
        (due_date, installment_amount, installment_number, interest_component, account_id, principal_component, status) 
    values
        (?, ?, ?, ?, ?, ?, ?)
2026-06-06T11:24:54.444+05:30 DEBUG 19036 --- [loan-system] [io-2727-exec-10] org.hibernate.SQL                        : 
    insert 
    into
        repayment_schedule
        (due_date, installment_amount, installment_number, interest_component, account_id, principal_component, status) 
    values
        (?, ?, ?, ?, ?, ?, ?)
Hibernate: 
    insert 
    into
        repayment_schedule
        (due_date, installment_amount, installment_number, interest_component, account_id, principal_component, status) 
    values
        (?, ?, ?, ?, ?, ?, ?)
2026-06-06T11:24:54.444+05:30 DEBUG 19036 --- [loan-system] [io-2727-exec-10] org.hibernate.SQL                        : 
    insert 
    into
        repayment_schedule
        (due_date, installment_amount, installment_number, interest_component, account_id, principal_component, status) 
    values
        (?, ?, ?, ?, ?, ?, ?)
Hibernate: 
    insert 
    into
        repayment_schedule
        (due_date, installment_amount, installment_number, interest_component, account_id, principal_component, status) 
    values
        (?, ?, ?, ?, ?, ?, ?)
2026-06-06T11:24:54.459+05:30 DEBUG 19036 --- [loan-system] [io-2727-exec-10] org.hibernate.SQL                        : 
    insert 
    into
        repayment_schedule
        (due_date, installment_amount, installment_number, interest_component, account_id, principal_component, status) 
    values
        (?, ?, ?, ?, ?, ?, ?)
Hibernate: 
    insert 
    into
        repayment_schedule
        (due_date, installment_amount, installment_number, interest_component, account_id, principal_component, status) 
    values
        (?, ?, ?, ?, ?, ?, ?)
?? Schedule Generated: 12 months initialized with interest component: ?8750.00
? [Disbursement Engine] Automatically generated a trackable 12-month dynamic amortization schedule for Account: ACT-1780725294282
2026-06-06T11:24:54.478+05:30 DEBUG 19036 --- [loan-system] [io-2727-exec-10] org.hibernate.SQL                        : 
    update
        officers 
    set
        active_application_count=?,
        employee_email=?,
        employee_id=?,
        name=?,
        password=?,
        role=? 
    where
        id=?
Hibernate: 
    update
        officers 
    set
        active_application_count=?,
        employee_email=?,
        employee_id=?,
        name=?,
        password=?,
        role=? 
    where
        id=?
2026-06-06T11:24:54.497+05:30 DEBUG 19036 --- [loan-system] [io-2727-exec-10] o.s.w.s.m.m.a.HttpEntityMethodProcessor  : Using 'application/json', given [application/json, text/plain, */*] and supported [application/json, application/*+json]
2026-06-06T11:24:54.497+05:30 DEBUG 19036 --- [loan-system] [io-2727-exec-10] o.s.w.s.m.m.a.HttpEntityMethodProcessor  : Writing [com.cblos.model.LoanApplication@5bd70e2]
2026-06-06T11:24:54.505+05:30 DEBUG 19036 --- [loan-system] [io-2727-exec-10] o.s.web.servlet.DispatcherServlet        : Completed 200 OK
2026-06-06T11:24:54.521+05:30 DEBUG 19036 --- [loan-system] [nio-2727-exec-8] o.s.web.servlet.DispatcherServlet        : GET "/api/loans/all", parameters={}
2026-06-06T11:24:54.529+05:30 DEBUG 19036 --- [loan-system] [nio-2727-exec-8] s.w.s.m.m.a.RequestMappingHandlerMapping : Mapped to com.cblos.controller.LoanApplicationController#getAllApplications()
2026-06-06T11:24:54.542+05:30 DEBUG 19036 --- [loan-system] [nio-2727-exec-8] org.hibernate.SQL                        : 
    select
        la1_0.application_id,
        la1_0.customer_id,
        la1_0.loan_amount,
        la1_0.officer_id,
        la1_0.loan_product_id,
        la1_0.loan_type,
        la1_0.requested_tenure_months,
        la1_0.status,
        la1_0.submission_date 
    from
        loan_application la1_0
Hibernate: 
    select
        la1_0.application_id,
        la1_0.customer_id,
        la1_0.loan_amount,
        la1_0.officer_id,
        la1_0.loan_product_id,
        la1_0.loan_type,
        la1_0.requested_tenure_months,
        la1_0.status,
        la1_0.submission_date 
    from
        loan_application la1_0
2026-06-06T11:24:54.547+05:30 DEBUG 19036 --- [loan-system] [nio-2727-exec-8] org.hibernate.SQL                        : 
    select
        cc1_0.id,
        cc1_0.password,
        cc1_0.business_address,
        cc1_0.company_email,
        cc1_0.company_name,
        cc1_0.industry_type,
        cc1_0.phone_number,
        cc1_0.rejection_reason,
        cc1_0.status,
        cc1_0.tax_id 
    from
        corporate_customer cc1_0 
    where
        cc1_0.id=?
Hibernate: 
    select
        cc1_0.id,
        cc1_0.password,
        cc1_0.business_address,
        cc1_0.company_email,
        cc1_0.company_name,
        cc1_0.industry_type,
        cc1_0.phone_number,
        cc1_0.rejection_reason,
        cc1_0.status,
        cc1_0.tax_id 
    from
        corporate_customer cc1_0 
    where
        cc1_0.id=?
2026-06-06T11:24:54.554+05:30 DEBUG 19036 --- [loan-system] [nio-2727-exec-8] org.hibernate.SQL                        : 
    select
        lo1_0.id,
        lo1_0.active_application_count,
        lo1_0.employee_email,
        lo1_0.employee_id,
        lo1_0.name,
        lo1_0.password,
        lo1_0.role 
    from
        officers lo1_0 
    where
        lo1_0.id=?
Hibernate: 
    select
        lo1_0.id,
        lo1_0.active_application_count,
        lo1_0.employee_email,
        lo1_0.employee_id,
        lo1_0.name,
        lo1_0.password,
        lo1_0.role 
    from
        officers lo1_0 
    where
        lo1_0.id=?
2026-06-06T11:24:54.563+05:30 DEBUG 19036 --- [loan-system] [nio-2727-exec-8] org.hibernate.SQL                        : 
    select
        lp1_0.id,
        lp1_0.default_interest_rate,
        lp1_0.description,
        lp1_0.max_loan_amount,
        lp1_0.max_tenure_months,
        lp1_0.min_loan_amount,
        lp1_0.min_tenure_months,
        lp1_0.product_name 
    from
        loan_products lp1_0 
    where
        lp1_0.id=?
Hibernate: 
    select
        lp1_0.id,
        lp1_0.default_interest_rate,
        lp1_0.description,
        lp1_0.max_loan_amount,
        lp1_0.max_tenure_months,
        lp1_0.min_loan_amount,
        lp1_0.min_tenure_months,
        lp1_0.product_name 
    from
        loan_products lp1_0 
    where
        lp1_0.id=?
2026-06-06T11:24:54.567+05:30 DEBUG 19036 --- [loan-system] [nio-2727-exec-8] o.s.w.s.m.m.a.HttpEntityMethodProcessor  : Using 'application/json', given [application/json, text/plain, */*] and supported [application/json, application/*+json]
2026-06-06T11:24:54.567+05:30 DEBUG 19036 --- [loan-system] [nio-2727-exec-8] o.s.w.s.m.m.a.HttpEntityMethodProcessor  : Writing [[com.cblos.model.LoanApplication@34abe395]]
2026-06-06T11:24:54.578+05:30 DEBUG 19036 --- [loan-system] [nio-2727-exec-8] o.s.web.servlet.DispatcherServlet        : Completed 200 OK
2026-06-06T11:25:30.458+05:30 DEBUG 19036 --- [loan-system] [nio-2727-exec-1] o.s.web.servlet.DispatcherServlet        : POST "/api/auth/logout", parameters={}
2026-06-06T11:25:30.467+05:30 DEBUG 19036 --- [loan-system] [nio-2727-exec-1] s.w.s.m.m.a.RequestMappingHandlerMapping : Mapped to com.cblos.controller.AuthController#logout(HttpServletRequest)
2026-06-06T11:25:30.470+05:30 DEBUG 19036 --- [loan-system] [nio-2727-exec-1] o.s.w.s.m.m.a.HttpEntityMethodProcessor  : Using 'application/json', given [application/json, text/plain, */*] and supported [application/json, application/*+json]
2026-06-06T11:25:30.475+05:30 DEBUG 19036 --- [loan-system] [nio-2727-exec-1] o.s.w.s.m.m.a.HttpEntityMethodProcessor  : Writing [{status=OK, message=Logged out successfully.}]
2026-06-06T11:25:30.479+05:30 DEBUG 19036 --- [loan-system] [nio-2727-exec-1] o.s.web.servlet.DispatcherServlet        : Completed 200 OK
2026-06-06T11:25:36.322+05:30 DEBUG 19036 --- [loan-system] [nio-2727-exec-2] o.s.web.servlet.DispatcherServlet        : POST "/api/auth/login", parameters={}
2026-06-06T11:25:36.324+05:30 DEBUG 19036 --- [loan-system] [nio-2727-exec-2] s.w.s.m.m.a.RequestMappingHandlerMapping : Mapped to com.cblos.controller.AuthController#login(LoginRequest, HttpServletRequest)
2026-06-06T11:25:36.334+05:30 DEBUG 19036 --- [loan-system] [nio-2727-exec-2] m.m.a.RequestResponseBodyMethodProcessor : Read "application/json;charset=UTF-8" to [com.cblos.dto.LoginRequest@2a8b3829]
2026-06-06T11:25:36.345+05:30 DEBUG 19036 --- [loan-system] [nio-2727-exec-2] org.hibernate.SQL                        : 
    select
        au1_0.id,
        au1_0.corporate_customer_id,
        au1_0.email,
        au1_0.loan_officer_id,
        au1_0.password,
        au1_0.role 
    from
        app_user au1_0 
    where
        au1_0.email=?
Hibernate: 
    select
        au1_0.id,
        au1_0.corporate_customer_id,
        au1_0.email,
        au1_0.loan_officer_id,
        au1_0.password,
        au1_0.role 
    from
        app_user au1_0 
    where
        au1_0.email=?
2026-06-06T11:25:36.769+05:30 DEBUG 19036 --- [loan-system] [nio-2727-exec-2] o.s.w.s.m.m.a.HttpEntityMethodProcessor  : Using 'application/json', given [application/json, text/plain, */*] and supported [application/json, application/*+json]
2026-06-06T11:25:36.772+05:30 DEBUG 19036 --- [loan-system] [nio-2727-exec-2] o.s.w.s.m.m.a.HttpEntityMethodProcessor  : Writing [{email=Rolex@gmail.com, role=CUSTOMER, corporateCustomerId=5, loanOfficerId=null}]
2026-06-06T11:25:36.773+05:30 DEBUG 19036 --- [loan-system] [nio-2727-exec-2] o.s.web.servlet.DispatcherServlet        : Completed 200 OK
2026-06-06T11:25:36.903+05:30 DEBUG 19036 --- [loan-system] [nio-2727-exec-4] o.s.web.servlet.DispatcherServlet        : GET "/api/customers/5", parameters={}
2026-06-06T11:25:36.903+05:30 DEBUG 19036 --- [loan-system] [nio-2727-exec-3] o.s.web.servlet.DispatcherServlet        : GET "/api/products/catalog", parameters={}
2026-06-06T11:25:36.903+05:30 DEBUG 19036 --- [loan-system] [nio-2727-exec-3] s.w.s.m.m.a.RequestMappingHandlerMapping : Mapped to com.cblos.controller.LoanProductController#getActiveBankingCatalog()
2026-06-06T11:25:36.903+05:30 DEBUG 19036 --- [loan-system] [nio-2727-exec-6] o.s.web.servlet.DispatcherServlet        : GET "/api/loans/customer/5", parameters={}
2026-06-06T11:25:36.908+05:30 DEBUG 19036 --- [loan-system] [nio-2727-exec-4] s.w.s.m.m.a.RequestMappingHandlerMapping : Mapped to com.cblos.controller.CorporateCustomerController#getCustomer(Integer)
2026-06-06T11:25:36.908+05:30 DEBUG 19036 --- [loan-system] [nio-2727-exec-6] s.w.s.m.m.a.RequestMappingHandlerMapping : Mapped to com.cblos.controller.LoanApplicationController#getApplicationsByCustomer(Integer)
2026-06-06T11:25:36.908+05:30 DEBUG 19036 --- [loan-system] [nio-2727-exec-9] o.s.web.servlet.DispatcherServlet        : GET "/api/accounts/customer/5", parameters={}
2026-06-06T11:25:36.915+05:30 DEBUG 19036 --- [loan-system] [nio-2727-exec-9] s.w.s.m.m.a.RequestMappingHandlerMapping : Mapped to com.cblos.controller.LoanAccountController#getAccountsByCustomer(Integer)
2026-06-06T11:25:36.915+05:30 DEBUG 19036 --- [loan-system] [nio-2727-exec-3] org.hibernate.SQL                        : 
    select
        lp1_0.id,
        lp1_0.default_interest_rate,
        lp1_0.description,
        lp1_0.max_loan_amount,
        lp1_0.max_tenure_months,
        lp1_0.min_loan_amount,
        lp1_0.min_tenure_months,
        lp1_0.product_name 
    from
        loan_products lp1_0
Hibernate: 
    select
        lp1_0.id,
        lp1_0.default_interest_rate,
        lp1_0.description,
        lp1_0.max_loan_amount,
        lp1_0.max_tenure_months,
        lp1_0.min_loan_amount,
        lp1_0.min_tenure_months,
        lp1_0.product_name 
    from
        loan_products lp1_0
2026-06-06T11:25:36.926+05:30 DEBUG 19036 --- [loan-system] [nio-2727-exec-4] org.hibernate.SQL                        : 
    select
        cc1_0.id,
        cc1_0.password,
        cc1_0.business_address,
        cc1_0.company_email,
        cc1_0.company_name,
        cc1_0.industry_type,
        cc1_0.phone_number,
        cc1_0.rejection_reason,
        cc1_0.status,
        cc1_0.tax_id 
    from
        corporate_customer cc1_0 
    where
        cc1_0.id=?
Hibernate: 
    select
        cc1_0.id,
        cc1_0.password,
        cc1_0.business_address,
        cc1_0.company_email,
        cc1_0.company_name,
        cc1_0.industry_type,
        cc1_0.phone_number,
        cc1_0.rejection_reason,
        cc1_0.status,
        cc1_0.tax_id 
    from
        corporate_customer cc1_0 
    where
        cc1_0.id=?
2026-06-06T11:25:36.928+05:30 DEBUG 19036 --- [loan-system] [nio-2727-exec-9] org.hibernate.SQL                        : 
    select
        la1_0.id,
        la1_0.account_number,
        la1_0.customer_id,
        la1_0.interest_rate,
        la1_0.application_id,
        la1_0.opening_date,
        la1_0.principal_amount,
        la1_0.status 
    from
        loan_account la1_0
Hibernate: 
    select
        la1_0.id,
        la1_0.account_number,
        la1_0.customer_id,
        la1_0.interest_rate,
        la1_0.application_id,
        la1_0.opening_date,
        la1_0.principal_amount,
        la1_0.status 
    from
        loan_account la1_0
2026-06-06T11:25:36.928+05:30 DEBUG 19036 --- [loan-system] [nio-2727-exec-3] o.s.w.s.m.m.a.HttpEntityMethodProcessor  : Using 'application/json', given [application/json, text/plain, */*] and supported [application/json, application/*+json]
2026-06-06T11:25:36.928+05:30 DEBUG 19036 --- [loan-system] [nio-2727-exec-3] o.s.w.s.m.m.a.HttpEntityMethodProcessor  : Writing [[com.cblos.model.LoanProduct@451a58d4, com.cblos.model.LoanProduct@301476e8, com.cblos.model.LoanPro (truncated)...]
2026-06-06T11:25:36.935+05:30 DEBUG 19036 --- [loan-system] [nio-2727-exec-9] org.hibernate.SQL                        : 
    select
        cc1_0.id,
        cc1_0.password,
        cc1_0.business_address,
        cc1_0.company_email,
        cc1_0.company_name,
        cc1_0.industry_type,
        cc1_0.phone_number,
        cc1_0.rejection_reason,
        cc1_0.status,
        cc1_0.tax_id 
    from
        corporate_customer cc1_0 
    where
        cc1_0.id=?
Hibernate: 
    select
        cc1_0.id,
        cc1_0.password,
        cc1_0.business_address,
        cc1_0.company_email,
        cc1_0.company_name,
        cc1_0.industry_type,
        cc1_0.phone_number,
        cc1_0.rejection_reason,
        cc1_0.status,
        cc1_0.tax_id 
    from
        corporate_customer cc1_0 
    where
        cc1_0.id=?
2026-06-06T11:25:36.938+05:30 DEBUG 19036 --- [loan-system] [nio-2727-exec-4] o.s.w.s.m.m.a.HttpEntityMethodProcessor  : Using 'application/json', given [application/json, text/plain, */*] and supported [application/json, application/*+json]
2026-06-06T11:25:36.939+05:30 DEBUG 19036 --- [loan-system] [nio-2727-exec-4] o.s.w.s.m.m.a.HttpEntityMethodProcessor  : Writing [com.cblos.model.CorporateCustomer@198452bb]
2026-06-06T11:25:36.941+05:30 DEBUG 19036 --- [loan-system] [nio-2727-exec-4] o.s.web.servlet.DispatcherServlet        : Completed 200 OK
2026-06-06T11:25:36.942+05:30 DEBUG 19036 --- [loan-system] [nio-2727-exec-9] org.hibernate.SQL                        : 
    select
        la1_0.application_id,
        la1_0.customer_id,
        c1_0.id,
        c1_0.password,
        c1_0.business_address,
        c1_0.company_email,
        c1_0.company_name,
        c1_0.industry_type,
        c1_0.phone_number,
        c1_0.rejection_reason,
        c1_0.status,
        c1_0.tax_id,
        la1_0.loan_amount,
        lo1_0.id,
        lo1_0.active_application_count,
        lo1_0.employee_email,
        lo1_0.employee_id,
        lo1_0.name,
        lo1_0.password,
        lo1_0.role,
        lp1_0.id,
        lp1_0.default_interest_rate,
        lp1_0.description,
        lp1_0.max_loan_amount,
        lp1_0.max_tenure_months,
        lp1_0.min_loan_amount,
        lp1_0.min_tenure_months,
        lp1_0.product_name,
        la1_0.loan_type,
        la1_0.requested_tenure_months,
        la1_0.status,
        la1_0.submission_date 
    from
        loan_application la1_0 
    join
        corporate_customer c1_0 
            on c1_0.id=la1_0.customer_id 
    left join
        officers lo1_0 
            on lo1_0.id=la1_0.officer_id 
    left join
        loan_products lp1_0 
            on lp1_0.id=la1_0.loan_product_id 
    where
        la1_0.application_id=?
2026-06-06T11:25:36.944+05:30 DEBUG 19036 --- [loan-system] [nio-2727-exec-3] o.s.web.servlet.DispatcherServlet        : Completed 200 OK
Hibernate: 
    select
        la1_0.application_id,
        la1_0.customer_id,
        c1_0.id,
        c1_0.password,
        c1_0.business_address,
        c1_0.company_email,
        c1_0.company_name,
        c1_0.industry_type,
        c1_0.phone_number,
        c1_0.rejection_reason,
        c1_0.status,
        c1_0.tax_id,
        la1_0.loan_amount,
        lo1_0.id,
        lo1_0.active_application_count,
        lo1_0.employee_email,
        lo1_0.employee_id,
        lo1_0.name,
        lo1_0.password,
        lo1_0.role,
        lp1_0.id,
        lp1_0.default_interest_rate,
        lp1_0.description,
        lp1_0.max_loan_amount,
        lp1_0.max_tenure_months,
        lp1_0.min_loan_amount,
        lp1_0.min_tenure_months,
        lp1_0.product_name,
        la1_0.loan_type,
        la1_0.requested_tenure_months,
        la1_0.status,
        la1_0.submission_date 
    from
        loan_application la1_0 
    join
        corporate_customer c1_0 
            on c1_0.id=la1_0.customer_id 
    left join
        officers lo1_0 
            on lo1_0.id=la1_0.officer_id 
    left join
        loan_products lp1_0 
            on lp1_0.id=la1_0.loan_product_id 
    where
        la1_0.application_id=?
2026-06-06T11:25:36.979+05:30 DEBUG 19036 --- [loan-system] [nio-2727-exec-6] org.hibernate.SQL                        : 
    select
        la1_0.application_id,
        la1_0.customer_id,
        la1_0.loan_amount,
        la1_0.officer_id,
        la1_0.loan_product_id,
        la1_0.loan_type,
        la1_0.requested_tenure_months,
        la1_0.status,
        la1_0.submission_date 
    from
        loan_application la1_0 
    where
        la1_0.customer_id=?
Hibernate: 
    select
        la1_0.application_id,
        la1_0.customer_id,
        la1_0.loan_amount,
        la1_0.officer_id,
        la1_0.loan_product_id,
        la1_0.loan_type,
        la1_0.requested_tenure_months,
        la1_0.status,
        la1_0.submission_date 
    from
        loan_application la1_0 
    where
        la1_0.customer_id=?
2026-06-06T11:25:36.989+05:30 DEBUG 19036 --- [loan-system] [nio-2727-exec-6] org.hibernate.SQL                        : 
    select
        cc1_0.id,
        cc1_0.password,
        cc1_0.business_address,
        cc1_0.company_email,
        cc1_0.company_name,
        cc1_0.industry_type,
        cc1_0.phone_number,
        cc1_0.rejection_reason,
        cc1_0.status,
        cc1_0.tax_id 
    from
        corporate_customer cc1_0 
    where
        cc1_0.id=?
Hibernate: 
    select
        cc1_0.id,
        cc1_0.password,
        cc1_0.business_address,
        cc1_0.company_email,
        cc1_0.company_name,
        cc1_0.industry_type,
        cc1_0.phone_number,
        cc1_0.rejection_reason,
        cc1_0.status,
        cc1_0.tax_id 
    from
        corporate_customer cc1_0 
    where
        cc1_0.id=?
2026-06-06T11:25:36.994+05:30 DEBUG 19036 --- [loan-system] [nio-2727-exec-6] org.hibernate.SQL                        : 
    select
        lo1_0.id,
        lo1_0.active_application_count,
        lo1_0.employee_email,
        lo1_0.employee_id,
        lo1_0.name,
        lo1_0.password,
        lo1_0.role 
    from
        officers lo1_0 
    where
        lo1_0.id=?
Hibernate: 
    select
        lo1_0.id,
        lo1_0.active_application_count,
        lo1_0.employee_email,
        lo1_0.employee_id,
        lo1_0.name,
        lo1_0.password,
        lo1_0.role 
    from
        officers lo1_0 
    where
        lo1_0.id=?
2026-06-06T11:25:36.998+05:30 DEBUG 19036 --- [loan-system] [nio-2727-exec-6] org.hibernate.SQL                        : 
    select
        lp1_0.id,
        lp1_0.default_interest_rate,
        lp1_0.description,
        lp1_0.max_loan_amount,
        lp1_0.max_tenure_months,
        lp1_0.min_loan_amount,
        lp1_0.min_tenure_months,
        lp1_0.product_name 
    from
        loan_products lp1_0 
    where
        lp1_0.id=?
Hibernate: 
    select
        lp1_0.id,
        lp1_0.default_interest_rate,
        lp1_0.description,
        lp1_0.max_loan_amount,
        lp1_0.max_tenure_months,
        lp1_0.min_loan_amount,
        lp1_0.min_tenure_months,
        lp1_0.product_name 
    from
        loan_products lp1_0 
    where
        lp1_0.id=?
2026-06-06T11:25:37.014+05:30 DEBUG 19036 --- [loan-system] [nio-2727-exec-9] o.s.w.s.m.m.a.HttpEntityMethodProcessor  : Using 'application/json', given [application/json, text/plain, */*] and supported [application/json, application/*+json]
2026-06-06T11:25:37.016+05:30 DEBUG 19036 --- [loan-system] [nio-2727-exec-6] o.s.w.s.m.m.a.HttpEntityMethodProcessor  : Using 'application/json', given [application/json, text/plain, */*] and supported [application/json, application/*+json]
2026-06-06T11:25:37.018+05:30 DEBUG 19036 --- [loan-system] [nio-2727-exec-6] o.s.w.s.m.m.a.HttpEntityMethodProcessor  : Writing [[]]
2026-06-06T11:25:37.018+05:30 DEBUG 19036 --- [loan-system] [nio-2727-exec-9] o.s.w.s.m.m.a.HttpEntityMethodProcessor  : Writing [[com.cblos.model.LoanAccount@7dcd8fc5]]
2026-06-06T11:25:37.024+05:30 DEBUG 19036 --- [loan-system] [nio-2727-exec-6] o.s.web.servlet.DispatcherServlet        : Completed 200 OK
2026-06-06T11:25:37.032+05:30 DEBUG 19036 --- [loan-system] [nio-2727-exec-9] o.s.web.servlet.DispatcherServlet        : Completed 200 OK
2026-06-06T11:25:44.619+05:30 DEBUG 19036 --- [loan-system] [nio-2727-exec-5] o.s.web.servlet.DispatcherServlet        : GET "/api/accounts/1", parameters={}
2026-06-06T11:25:44.619+05:30 DEBUG 19036 --- [loan-system] [nio-2727-exec-7] o.s.web.servlet.DispatcherServlet        : GET "/api/repayments/schedule/1", parameters={}
2026-06-06T11:25:44.622+05:30 DEBUG 19036 --- [loan-system] [nio-2727-exec-7] s.w.s.m.m.a.RequestMappingHandlerMapping : Mapped to com.cblos.controller.RepaymentController#getRepaymentStatus(Integer)
2026-06-06T11:25:44.622+05:30 DEBUG 19036 --- [loan-system] [nio-2727-exec-5] s.w.s.m.m.a.RequestMappingHandlerMapping : Mapped to com.cblos.controller.LoanAccountController#getAccountById(Integer)
2026-06-06T11:25:44.634+05:30 DEBUG 19036 --- [loan-system] [nio-2727-exec-5] org.hibernate.SQL                        : 
    select
        la1_0.id,
        la1_0.account_number,
        la1_0.customer_id,
        c1_0.id,
        c1_0.password,
        c1_0.business_address,
        c1_0.company_email,
        c1_0.company_name,
        c1_0.industry_type,
        c1_0.phone_number,
        c1_0.rejection_reason,
        c1_0.status,
        c1_0.tax_id,
        la1_0.interest_rate,
        la1_0.application_id,
        la2_0.application_id,
        la2_0.customer_id,
        c2_0.id,
        c2_0.password,
        c2_0.business_address,
        c2_0.company_email,
        c2_0.company_name,
        c2_0.industry_type,
        c2_0.phone_number,
        c2_0.rejection_reason,
        c2_0.status,
        c2_0.tax_id,
        la2_0.loan_amount,
        lo1_0.id,
        lo1_0.active_application_count,
        lo1_0.employee_email,
        lo1_0.employee_id,
        lo1_0.name,
        lo1_0.password,
        lo1_0.role,
        lp1_0.id,
        lp1_0.default_interest_rate,
        lp1_0.description,
        lp1_0.max_loan_amount,
        lp1_0.max_tenure_months,
        lp1_0.min_loan_amount,
        lp1_0.min_tenure_months,
        lp1_0.product_name,
        la2_0.loan_type,
        la2_0.requested_tenure_months,
        la2_0.status,
        la2_0.submission_date,
        la1_0.opening_date,
        la1_0.principal_amount,
        la1_0.status 
    from
        loan_account la1_0 
    join
        corporate_customer c1_0 
            on c1_0.id=la1_0.customer_id 
    join
        loan_application la2_0 
            on la2_0.application_id=la1_0.application_id 
    join
        corporate_customer c2_0 
            on c2_0.id=la2_0.customer_id 
    left join
        officers lo1_0 
            on lo1_0.id=la2_0.officer_id 
    left join
        loan_products lp1_0 
            on lp1_0.id=la2_0.loan_product_id 
    where
        la1_0.id=?
Hibernate: 
    select
        la1_0.id,
        la1_0.account_number,
        la1_0.customer_id,
        c1_0.id,
        c1_0.password,
        c1_0.business_address,
        c1_0.company_email,
        c1_0.company_name,
        c1_0.industry_type,
        c1_0.phone_number,
        c1_0.rejection_reason,
        c1_0.status,
        c1_0.tax_id,
        la1_0.interest_rate,
        la1_0.application_id,
        la2_0.application_id,
        la2_0.customer_id,
        c2_0.id,
        c2_0.password,
        c2_0.business_address,
        c2_0.company_email,
        c2_0.company_name,
        c2_0.industry_type,
        c2_0.phone_number,
        c2_0.rejection_reason,
        c2_0.status,
        c2_0.tax_id,
        la2_0.loan_amount,
        lo1_0.id,
        lo1_0.active_application_count,
        lo1_0.employee_email,
        lo1_0.employee_id,
        lo1_0.name,
        lo1_0.password,
        lo1_0.role,
        lp1_0.id,
        lp1_0.default_interest_rate,
        lp1_0.description,
        lp1_0.max_loan_amount,
        lp1_0.max_tenure_months,
        lp1_0.min_loan_amount,
        lp1_0.min_tenure_months,
        lp1_0.product_name,
        la2_0.loan_type,
        la2_0.requested_tenure_months,
        la2_0.status,
        la2_0.submission_date,
        la1_0.opening_date,
        la1_0.principal_amount,
        la1_0.status 
    from
        loan_account la1_0 
    join
        corporate_customer c1_0 
            on c1_0.id=la1_0.customer_id 
    join
        loan_application la2_0 
            on la2_0.application_id=la1_0.application_id 
    join
        corporate_customer c2_0 
            on c2_0.id=la2_0.customer_id 
    left join
        officers lo1_0 
            on lo1_0.id=la2_0.officer_id 
    left join
        loan_products lp1_0 
            on lp1_0.id=la2_0.loan_product_id 
    where
        la1_0.id=?
2026-06-06T11:25:44.640+05:30 DEBUG 19036 --- [loan-system] [nio-2727-exec-7] org.hibernate.SQL                        : 
    select
        rs1_0.id,
        rs1_0.due_date,
        rs1_0.installment_amount,
        rs1_0.installment_number,
        rs1_0.interest_component,
        rs1_0.account_id,
        rs1_0.principal_component,
        rs1_0.status 
    from
        repayment_schedule rs1_0 
    where
        rs1_0.account_id=?
Hibernate: 
    select
        rs1_0.id,
        rs1_0.due_date,
        rs1_0.installment_amount,
        rs1_0.installment_number,
        rs1_0.interest_component,
        rs1_0.account_id,
        rs1_0.principal_component,
        rs1_0.status 
    from
        repayment_schedule rs1_0 
    where
        rs1_0.account_id=?
2026-06-06T11:25:44.652+05:30 DEBUG 19036 --- [loan-system] [nio-2727-exec-7] org.hibernate.SQL                        : 
    select
        la1_0.id,
        la1_0.account_number,
        la1_0.customer_id,
        c1_0.id,
        c1_0.password,
        c1_0.business_address,
        c1_0.company_email,
        c1_0.company_name,
        c1_0.industry_type,
        c1_0.phone_number,
        c1_0.rejection_reason,
        c1_0.status,
        c1_0.tax_id,
        la1_0.interest_rate,
        la1_0.application_id,
        la2_0.application_id,
        la2_0.customer_id,
        c2_0.id,
        c2_0.password,
        c2_0.business_address,
        c2_0.company_email,
        c2_0.company_name,
        c2_0.industry_type,
        c2_0.phone_number,
        c2_0.rejection_reason,
        c2_0.status,
        c2_0.tax_id,
        la2_0.loan_amount,
        lo1_0.id,
        lo1_0.active_application_count,
        lo1_0.employee_email,
        lo1_0.employee_id,
        lo1_0.name,
        lo1_0.password,
        lo1_0.role,
        lp1_0.id,
        lp1_0.default_interest_rate,
        lp1_0.description,
        lp1_0.max_loan_amount,
        lp1_0.max_tenure_months,
        lp1_0.min_loan_amount,
        lp1_0.min_tenure_months,
        lp1_0.product_name,
        la2_0.loan_type,
        la2_0.requested_tenure_months,
        la2_0.status,
        la2_0.submission_date,
        la1_0.opening_date,
        la1_0.principal_amount,
        la1_0.status 
    from
        loan_account la1_0 
    join
        corporate_customer c1_0 
            on c1_0.id=la1_0.customer_id 
    join
        loan_application la2_0 
            on la2_0.application_id=la1_0.application_id 
    join
        corporate_customer c2_0 
            on c2_0.id=la2_0.customer_id 
    left join
        officers lo1_0 
            on lo1_0.id=la2_0.officer_id 
    left join
        loan_products lp1_0 
            on lp1_0.id=la2_0.loan_product_id 
    where
        la1_0.id=?
Hibernate: 
    select
        la1_0.id,
        la1_0.account_number,
        la1_0.customer_id,
        c1_0.id,
        c1_0.password,
        c1_0.business_address,
        c1_0.company_email,
        c1_0.company_name,
        c1_0.industry_type,
        c1_0.phone_number,
        c1_0.rejection_reason,
        c1_0.status,
        c1_0.tax_id,
        la1_0.interest_rate,
        la1_0.application_id,
        la2_0.application_id,
        la2_0.customer_id,
        c2_0.id,
        c2_0.password,
        c2_0.business_address,
        c2_0.company_email,
        c2_0.company_name,
        c2_0.industry_type,
        c2_0.phone_number,
        c2_0.rejection_reason,
        c2_0.status,
        c2_0.tax_id,
        la2_0.loan_amount,
        lo1_0.id,
        lo1_0.active_application_count,
        lo1_0.employee_email,
        lo1_0.employee_id,
        lo1_0.name,
        lo1_0.password,
        lo1_0.role,
        lp1_0.id,
        lp1_0.default_interest_rate,
        lp1_0.description,
        lp1_0.max_loan_amount,
        lp1_0.max_tenure_months,
        lp1_0.min_loan_amount,
        lp1_0.min_tenure_months,
        lp1_0.product_name,
        la2_0.loan_type,
        la2_0.requested_tenure_months,
        la2_0.status,
        la2_0.submission_date,
        la1_0.opening_date,
        la1_0.principal_amount,
        la1_0.status 
    from
        loan_account la1_0 
    join
        corporate_customer c1_0 
            on c1_0.id=la1_0.customer_id 
    join
        loan_application la2_0 
            on la2_0.application_id=la1_0.application_id 
    join
        corporate_customer c2_0 
            on c2_0.id=la2_0.customer_id 
    left join
        officers lo1_0 
            on lo1_0.id=la2_0.officer_id 
    left join
        loan_products lp1_0 
            on lp1_0.id=la2_0.loan_product_id 
    where
        la1_0.id=?
2026-06-06T11:25:44.656+05:30 DEBUG 19036 --- [loan-system] [nio-2727-exec-5] o.s.w.s.m.m.a.HttpEntityMethodProcessor  : Using 'application/json', given [application/json, text/plain, */*] and supported [application/json, application/*+json]
2026-06-06T11:25:44.656+05:30 DEBUG 19036 --- [loan-system] [nio-2727-exec-5] o.s.w.s.m.m.a.HttpEntityMethodProcessor  : Writing [com.cblos.model.LoanAccount@15c50f5]
2026-06-06T11:25:44.661+05:30 DEBUG 19036 --- [loan-system] [nio-2727-exec-5] o.s.web.servlet.DispatcherServlet        : Completed 200 OK
2026-06-06T11:25:44.684+05:30 DEBUG 19036 --- [loan-system] [nio-2727-exec-7] o.s.w.s.m.m.a.HttpEntityMethodProcessor  : Using 'application/json', given [application/json, text/plain, */*] and supported [application/json, application/*+json]
2026-06-06T11:25:44.684+05:30 DEBUG 19036 --- [loan-system] [nio-2727-exec-7] o.s.w.s.m.m.a.HttpEntityMethodProcessor  : Writing [[com.cblos.model.RepaymentSchedule@178f2b41, com.cblos.model.RepaymentSchedule@50ff5c84, com.cblos.m (truncated)...]
2026-06-06T11:25:44.702+05:30 DEBUG 19036 --- [loan-system] [nio-2727-exec-7] o.s.web.servlet.DispatcherServlet        : Completed 200 OK
2026-06-06T11:25:50.543+05:30 DEBUG 19036 --- [loan-system] [nio-2727-exec-8] o.s.web.servlet.DispatcherServlet        : GET "/api/products/catalog", parameters={}
2026-06-06T11:25:50.550+05:30 DEBUG 19036 --- [loan-system] [io-2727-exec-10] o.s.web.servlet.DispatcherServlet        : GET "/api/customers/5", parameters={}
2026-06-06T11:25:50.557+05:30 DEBUG 19036 --- [loan-system] [nio-2727-exec-8] s.w.s.m.m.a.RequestMappingHandlerMapping : Mapped to com.cblos.controller.LoanProductController#getActiveBankingCatalog()
2026-06-06T11:25:50.559+05:30 DEBUG 19036 --- [loan-system] [io-2727-exec-10] s.w.s.m.m.a.RequestMappingHandlerMapping : Mapped to com.cblos.controller.CorporateCustomerController#getCustomer(Integer)
2026-06-06T11:25:50.561+05:30 DEBUG 19036 --- [loan-system] [nio-2727-exec-1] o.s.web.servlet.DispatcherServlet        : GET "/api/loans/customer/5", parameters={}
2026-06-06T11:25:50.561+05:30 DEBUG 19036 --- [loan-system] [nio-2727-exec-1] s.w.s.m.m.a.RequestMappingHandlerMapping : Mapped to com.cblos.controller.LoanApplicationController#getApplicationsByCustomer(Integer)
2026-06-06T11:25:50.574+05:30 DEBUG 19036 --- [loan-system] [io-2727-exec-10] org.hibernate.SQL                        : 
    select
        cc1_0.id,
        cc1_0.password,
        cc1_0.business_address,
        cc1_0.company_email,
        cc1_0.company_name,
        cc1_0.industry_type,
        cc1_0.phone_number,
        cc1_0.rejection_reason,
        cc1_0.status,
        cc1_0.tax_id 
    from
        corporate_customer cc1_0 
    where
        cc1_0.id=?
Hibernate: 
    select
        cc1_0.id,
        cc1_0.password,
        cc1_0.business_address,
        cc1_0.company_email,
        cc1_0.company_name,
        cc1_0.industry_type,
        cc1_0.phone_number,
        cc1_0.rejection_reason,
        cc1_0.status,
        cc1_0.tax_id 
    from
        corporate_customer cc1_0 
    where
        cc1_0.id=?
2026-06-06T11:25:50.575+05:30 DEBUG 19036 --- [loan-system] [nio-2727-exec-8] org.hibernate.SQL                        : 
    select
        lp1_0.id,
        lp1_0.default_interest_rate,
        lp1_0.description,
        lp1_0.max_loan_amount,
        lp1_0.max_tenure_months,
        lp1_0.min_loan_amount,
        lp1_0.min_tenure_months,
        lp1_0.product_name 
    from
        loan_products lp1_0
2026-06-06T11:25:50.574+05:30 DEBUG 19036 --- [loan-system] [nio-2727-exec-2] o.s.web.servlet.DispatcherServlet        : GET "/api/accounts/customer/5", parameters={}
Hibernate: 
    select
        lp1_0.id,
        lp1_0.default_interest_rate,
        lp1_0.description,
        lp1_0.max_loan_amount,
        lp1_0.max_tenure_months,
        lp1_0.min_loan_amount,
        lp1_0.min_tenure_months,
        lp1_0.product_name 
    from
        loan_products lp1_0
2026-06-06T11:25:50.577+05:30 DEBUG 19036 --- [loan-system] [nio-2727-exec-2] s.w.s.m.m.a.RequestMappingHandlerMapping : Mapped to com.cblos.controller.LoanAccountController#getAccountsByCustomer(Integer)
2026-06-06T11:25:50.581+05:30 DEBUG 19036 --- [loan-system] [io-2727-exec-10] o.s.w.s.m.m.a.HttpEntityMethodProcessor  : Using 'application/json', given [application/json, text/plain, */*] and supported [application/json, application/*+json]
2026-06-06T11:25:50.581+05:30 DEBUG 19036 --- [loan-system] [io-2727-exec-10] o.s.w.s.m.m.a.HttpEntityMethodProcessor  : Writing [com.cblos.model.CorporateCustomer@573c66e]
2026-06-06T11:25:50.581+05:30 DEBUG 19036 --- [loan-system] [nio-2727-exec-8] o.s.w.s.m.m.a.HttpEntityMethodProcessor  : Using 'application/json', given [application/json, text/plain, */*] and supported [application/json, application/*+json]
2026-06-06T11:25:50.581+05:30 DEBUG 19036 --- [loan-system] [nio-2727-exec-8] o.s.w.s.m.m.a.HttpEntityMethodProcessor  : Writing [[com.cblos.model.LoanProduct@4f3c7618, com.cblos.model.LoanProduct@32fed903, com.cblos.model.LoanPro (truncated)...]
2026-06-06T11:25:50.581+05:30 DEBUG 19036 --- [loan-system] [io-2727-exec-10] o.s.web.servlet.DispatcherServlet        : Completed 200 OK
2026-06-06T11:25:50.581+05:30 DEBUG 19036 --- [loan-system] [nio-2727-exec-8] o.s.web.servlet.DispatcherServlet        : Completed 200 OK
2026-06-06T11:25:50.590+05:30 DEBUG 19036 --- [loan-system] [nio-2727-exec-2] org.hibernate.SQL                        : 
    select
        la1_0.id,
        la1_0.account_number,
        la1_0.customer_id,
        la1_0.interest_rate,
        la1_0.application_id,
        la1_0.opening_date,
        la1_0.principal_amount,
        la1_0.status 
    from
        loan_account la1_0
Hibernate: 
    select
        la1_0.id,
        la1_0.account_number,
        la1_0.customer_id,
        la1_0.interest_rate,
        la1_0.application_id,
        la1_0.opening_date,
        la1_0.principal_amount,
        la1_0.status 
    from
        loan_account la1_0
2026-06-06T11:25:50.591+05:30 DEBUG 19036 --- [loan-system] [nio-2727-exec-1] org.hibernate.SQL                        : 
    select
        la1_0.application_id,
        la1_0.customer_id,
        la1_0.loan_amount,
        la1_0.officer_id,
        la1_0.loan_product_id,
        la1_0.loan_type,
        la1_0.requested_tenure_months,
        la1_0.status,
        la1_0.submission_date 
    from
        loan_application la1_0 
    where
        la1_0.customer_id=?
Hibernate: 
    select
        la1_0.application_id,
        la1_0.customer_id,
        la1_0.loan_amount,
        la1_0.officer_id,
        la1_0.loan_product_id,
        la1_0.loan_type,
        la1_0.requested_tenure_months,
        la1_0.status,
        la1_0.submission_date 
    from
        loan_application la1_0 
    where
        la1_0.customer_id=?
2026-06-06T11:25:50.606+05:30 DEBUG 19036 --- [loan-system] [nio-2727-exec-1] org.hibernate.SQL                        : 
    select
        cc1_0.id,
        cc1_0.password,
        cc1_0.business_address,
        cc1_0.company_email,
        cc1_0.company_name,
        cc1_0.industry_type,
        cc1_0.phone_number,
        cc1_0.rejection_reason,
        cc1_0.status,
        cc1_0.tax_id 
    from
        corporate_customer cc1_0 
    where
        cc1_0.id=?
2026-06-06T11:25:50.606+05:30 DEBUG 19036 --- [loan-system] [nio-2727-exec-2] org.hibernate.SQL                        : 
    select
        cc1_0.id,
        cc1_0.password,
        cc1_0.business_address,
        cc1_0.company_email,
        cc1_0.company_name,
        cc1_0.industry_type,
        cc1_0.phone_number,
        cc1_0.rejection_reason,
        cc1_0.status,
        cc1_0.tax_id 
    from
        corporate_customer cc1_0 
    where
        cc1_0.id=?
Hibernate: 
    select
        cc1_0.id,
        cc1_0.password,
        cc1_0.business_address,
        cc1_0.company_email,
        cc1_0.company_name,
        cc1_0.industry_type,
        cc1_0.phone_number,
        cc1_0.rejection_reason,
        cc1_0.status,
        cc1_0.tax_id 
    from
        corporate_customer cc1_0 
    where
        cc1_0.id=?
Hibernate: 
    select
        cc1_0.id,
        cc1_0.password,
        cc1_0.business_address,
        cc1_0.company_email,
        cc1_0.company_name,
        cc1_0.industry_type,
        cc1_0.phone_number,
        cc1_0.rejection_reason,
        cc1_0.status,
        cc1_0.tax_id 
    from
        corporate_customer cc1_0 
    where
        cc1_0.id=?
2026-06-06T11:25:50.620+05:30 DEBUG 19036 --- [loan-system] [nio-2727-exec-1] org.hibernate.SQL                        : 
    select
        lo1_0.id,
        lo1_0.active_application_count,
        lo1_0.employee_email,
        lo1_0.employee_id,
        lo1_0.name,
        lo1_0.password,
        lo1_0.role 
    from
        officers lo1_0 
    where
        lo1_0.id=?
Hibernate: 
    select
        lo1_0.id,
        lo1_0.active_application_count,
        lo1_0.employee_email,
        lo1_0.employee_id,
        lo1_0.name,
        lo1_0.password,
        lo1_0.role 
    from
        officers lo1_0 
    where
        lo1_0.id=?
2026-06-06T11:25:50.632+05:30 DEBUG 19036 --- [loan-system] [nio-2727-exec-1] org.hibernate.SQL                        : 
    select
        lp1_0.id,
        lp1_0.default_interest_rate,
        lp1_0.description,
        lp1_0.max_loan_amount,
        lp1_0.max_tenure_months,
        lp1_0.min_loan_amount,
        lp1_0.min_tenure_months,
        lp1_0.product_name 
    from
        loan_products lp1_0 
    where
        lp1_0.id=?
2026-06-06T11:25:50.632+05:30 DEBUG 19036 --- [loan-system] [nio-2727-exec-2] org.hibernate.SQL                        : 
    select
        la1_0.application_id,
        la1_0.customer_id,
        c1_0.id,
        c1_0.password,
        c1_0.business_address,
        c1_0.company_email,
        c1_0.company_name,
        c1_0.industry_type,
        c1_0.phone_number,
        c1_0.rejection_reason,
        c1_0.status,
        c1_0.tax_id,
        la1_0.loan_amount,
        lo1_0.id,
        lo1_0.active_application_count,
        lo1_0.employee_email,
        lo1_0.employee_id,
        lo1_0.name,
        lo1_0.password,
        lo1_0.role,
        lp1_0.id,
        lp1_0.default_interest_rate,
        lp1_0.description,
        lp1_0.max_loan_amount,
        lp1_0.max_tenure_months,
        lp1_0.min_loan_amount,
        lp1_0.min_tenure_months,
        lp1_0.product_name,
        la1_0.loan_type,
        la1_0.requested_tenure_months,
        la1_0.status,
        la1_0.submission_date 
    from
        loan_application la1_0 
    join
        corporate_customer c1_0 
            on c1_0.id=la1_0.customer_id 
    left join
        officers lo1_0 
            on lo1_0.id=la1_0.officer_id 
    left join
        loan_products lp1_0 
            on lp1_0.id=la1_0.loan_product_id 
    where
        la1_0.application_id=?
Hibernate: 
    select
        la1_0.application_id,
        la1_0.customer_id,
        c1_0.id,
        c1_0.password,
        c1_0.business_address,
        c1_0.company_email,
        c1_0.company_name,
        c1_0.industry_type,
        c1_0.phone_number,
        c1_0.rejection_reason,
        c1_0.status,
        c1_0.tax_id,
        la1_0.loan_amount,
        lo1_0.id,
        lo1_0.active_application_count,
        lo1_0.employee_email,
        lo1_0.employee_id,
        lo1_0.name,
        lo1_0.password,
        lo1_0.role,
        lp1_0.id,
        lp1_0.default_interest_rate,
        lp1_0.description,
        lp1_0.max_loan_amount,
        lp1_0.max_tenure_months,
        lp1_0.min_loan_amount,
        lp1_0.min_tenure_months,
        lp1_0.product_name,
        la1_0.loan_type,
        la1_0.requested_tenure_months,
        la1_0.status,
        la1_0.submission_date 
    from
        loan_application la1_0 
    join
        corporate_customer c1_0 
            on c1_0.id=la1_0.customer_id 
    left join
        officers lo1_0 
            on lo1_0.id=la1_0.officer_id 
    left join
        loan_products lp1_0 
            on lp1_0.id=la1_0.loan_product_id 
    where
        la1_0.application_id=?
Hibernate: 
    select
        lp1_0.id,
        lp1_0.default_interest_rate,
        lp1_0.description,
        lp1_0.max_loan_amount,
        lp1_0.max_tenure_months,
        lp1_0.min_loan_amount,
        lp1_0.min_tenure_months,
        lp1_0.product_name 
    from
        loan_products lp1_0 
    where
        lp1_0.id=?
2026-06-06T11:25:50.667+05:30 DEBUG 19036 --- [loan-system] [nio-2727-exec-1] o.s.w.s.m.m.a.HttpEntityMethodProcessor  : Using 'application/json', given [application/json, text/plain, */*] and supported [application/json, application/*+json]
2026-06-06T11:25:50.667+05:30 DEBUG 19036 --- [loan-system] [nio-2727-exec-1] o.s.w.s.m.m.a.HttpEntityMethodProcessor  : Writing [[]]
2026-06-06T11:25:50.667+05:30 DEBUG 19036 --- [loan-system] [nio-2727-exec-1] o.s.web.servlet.DispatcherServlet        : Completed 200 OK
2026-06-06T11:25:50.685+05:30 DEBUG 19036 --- [loan-system] [nio-2727-exec-2] o.s.w.s.m.m.a.HttpEntityMethodProcessor  : Using 'application/json', given [application/json, text/plain, */*] and supported [application/json, application/*+json]
2026-06-06T11:25:50.685+05:30 DEBUG 19036 --- [loan-system] [nio-2727-exec-2] o.s.w.s.m.m.a.HttpEntityMethodProcessor  : Writing [[com.cblos.model.LoanAccount@6e677546]]
2026-06-06T11:25:50.702+05:30 DEBUG 19036 --- [loan-system] [nio-2727-exec-2] o.s.web.servlet.DispatcherServlet        : Completed 200 OK
2026-06-06T11:25:53.403+05:30 DEBUG 19036 --- [loan-system] [nio-2727-exec-3] o.s.web.servlet.DispatcherServlet        : GET "/api/accounts/1", parameters={}
2026-06-06T11:25:53.403+05:30 DEBUG 19036 --- [loan-system] [nio-2727-exec-4] o.s.web.servlet.DispatcherServlet        : GET "/api/repayments/schedule/1", parameters={}
2026-06-06T11:25:53.404+05:30 DEBUG 19036 --- [loan-system] [nio-2727-exec-3] s.w.s.m.m.a.RequestMappingHandlerMapping : Mapped to com.cblos.controller.LoanAccountController#getAccountById(Integer)
2026-06-06T11:25:53.404+05:30 DEBUG 19036 --- [loan-system] [nio-2727-exec-4] s.w.s.m.m.a.RequestMappingHandlerMapping : Mapped to com.cblos.controller.RepaymentController#getRepaymentStatus(Integer)
2026-06-06T11:25:53.411+05:30 DEBUG 19036 --- [loan-system] [nio-2727-exec-4] org.hibernate.SQL                        : 
    select
        rs1_0.id,
        rs1_0.due_date,
        rs1_0.installment_amount,
        rs1_0.installment_number,
        rs1_0.interest_component,
        rs1_0.account_id,
        rs1_0.principal_component,
        rs1_0.status 
    from
        repayment_schedule rs1_0 
    where
        rs1_0.account_id=?
Hibernate: 
    select
        rs1_0.id,
        rs1_0.due_date,
        rs1_0.installment_amount,
        rs1_0.installment_number,
        rs1_0.interest_component,
        rs1_0.account_id,
        rs1_0.principal_component,
        rs1_0.status 
    from
        repayment_schedule rs1_0 
    where
        rs1_0.account_id=?
2026-06-06T11:25:53.415+05:30 DEBUG 19036 --- [loan-system] [nio-2727-exec-3] org.hibernate.SQL                        : 
    select
        la1_0.id,
        la1_0.account_number,
        la1_0.customer_id,
        c1_0.id,
        c1_0.password,
        c1_0.business_address,
        c1_0.company_email,
        c1_0.company_name,
        c1_0.industry_type,
        c1_0.phone_number,
        c1_0.rejection_reason,
        c1_0.status,
        c1_0.tax_id,
        la1_0.interest_rate,
        la1_0.application_id,
        la2_0.application_id,
        la2_0.customer_id,
        c2_0.id,
        c2_0.password,
        c2_0.business_address,
        c2_0.company_email,
        c2_0.company_name,
        c2_0.industry_type,
        c2_0.phone_number,
        c2_0.rejection_reason,
        c2_0.status,
        c2_0.tax_id,
        la2_0.loan_amount,
        lo1_0.id,
        lo1_0.active_application_count,
        lo1_0.employee_email,
        lo1_0.employee_id,
        lo1_0.name,
        lo1_0.password,
        lo1_0.role,
        lp1_0.id,
        lp1_0.default_interest_rate,
        lp1_0.description,
        lp1_0.max_loan_amount,
        lp1_0.max_tenure_months,
        lp1_0.min_loan_amount,
        lp1_0.min_tenure_months,
        lp1_0.product_name,
        la2_0.loan_type,
        la2_0.requested_tenure_months,
        la2_0.status,
        la2_0.submission_date,
        la1_0.opening_date,
        la1_0.principal_amount,
        la1_0.status 
    from
        loan_account la1_0 
    join
        corporate_customer c1_0 
            on c1_0.id=la1_0.customer_id 
    join
        loan_application la2_0 
            on la2_0.application_id=la1_0.application_id 
    join
        corporate_customer c2_0 
            on c2_0.id=la2_0.customer_id 
    left join
        officers lo1_0 
            on lo1_0.id=la2_0.officer_id 
    left join
        loan_products lp1_0 
            on lp1_0.id=la2_0.loan_product_id 
    where
        la1_0.id=?
Hibernate: 
    select
        la1_0.id,
        la1_0.account_number,
        la1_0.customer_id,
        c1_0.id,
        c1_0.password,
        c1_0.business_address,
        c1_0.company_email,
        c1_0.company_name,
        c1_0.industry_type,
        c1_0.phone_number,
        c1_0.rejection_reason,
        c1_0.status,
        c1_0.tax_id,
        la1_0.interest_rate,
        la1_0.application_id,
        la2_0.application_id,
        la2_0.customer_id,
        c2_0.id,
        c2_0.password,
        c2_0.business_address,
        c2_0.company_email,
        c2_0.company_name,
        c2_0.industry_type,
        c2_0.phone_number,
        c2_0.rejection_reason,
        c2_0.status,
        c2_0.tax_id,
        la2_0.loan_amount,
        lo1_0.id,
        lo1_0.active_application_count,
        lo1_0.employee_email,
        lo1_0.employee_id,
        lo1_0.name,
        lo1_0.password,
        lo1_0.role,
        lp1_0.id,
        lp1_0.default_interest_rate,
        lp1_0.description,
        lp1_0.max_loan_amount,
        lp1_0.max_tenure_months,
        lp1_0.min_loan_amount,
        lp1_0.min_tenure_months,
        lp1_0.product_name,
        la2_0.loan_type,
        la2_0.requested_tenure_months,
        la2_0.status,
        la2_0.submission_date,
        la1_0.opening_date,
        la1_0.principal_amount,
        la1_0.status 
    from
        loan_account la1_0 
    join
        corporate_customer c1_0 
            on c1_0.id=la1_0.customer_id 
    join
        loan_application la2_0 
            on la2_0.application_id=la1_0.application_id 
    join
        corporate_customer c2_0 
            on c2_0.id=la2_0.customer_id 
    left join
        officers lo1_0 
            on lo1_0.id=la2_0.officer_id 
    left join
        loan_products lp1_0 
            on lp1_0.id=la2_0.loan_product_id 
    where
        la1_0.id=?
2026-06-06T11:25:53.419+05:30 DEBUG 19036 --- [loan-system] [nio-2727-exec-4] org.hibernate.SQL                        : 
    select
        la1_0.id,
        la1_0.account_number,
        la1_0.customer_id,
        c1_0.id,
        c1_0.password,
        c1_0.business_address,
        c1_0.company_email,
        c1_0.company_name,
        c1_0.industry_type,
        c1_0.phone_number,
        c1_0.rejection_reason,
        c1_0.status,
        c1_0.tax_id,
        la1_0.interest_rate,
        la1_0.application_id,
        la2_0.application_id,
        la2_0.customer_id,
        c2_0.id,
        c2_0.password,
        c2_0.business_address,
        c2_0.company_email,
        c2_0.company_name,
        c2_0.industry_type,
        c2_0.phone_number,
        c2_0.rejection_reason,
        c2_0.status,
        c2_0.tax_id,
        la2_0.loan_amount,
        lo1_0.id,
        lo1_0.active_application_count,
        lo1_0.employee_email,
        lo1_0.employee_id,
        lo1_0.name,
        lo1_0.password,
        lo1_0.role,
        lp1_0.id,
        lp1_0.default_interest_rate,
        lp1_0.description,
        lp1_0.max_loan_amount,
        lp1_0.max_tenure_months,
        lp1_0.min_loan_amount,
        lp1_0.min_tenure_months,
        lp1_0.product_name,
        la2_0.loan_type,
        la2_0.requested_tenure_months,
        la2_0.status,
        la2_0.submission_date,
        la1_0.opening_date,
        la1_0.principal_amount,
        la1_0.status 
    from
        loan_account la1_0 
    join
        corporate_customer c1_0 
            on c1_0.id=la1_0.customer_id 
    join
        loan_application la2_0 
            on la2_0.application_id=la1_0.application_id 
    join
        corporate_customer c2_0 
            on c2_0.id=la2_0.customer_id 
    left join
        officers lo1_0 
            on lo1_0.id=la2_0.officer_id 
    left join
        loan_products lp1_0 
            on lp1_0.id=la2_0.loan_product_id 
    where
        la1_0.id=?
Hibernate: 
    select
        la1_0.id,
        la1_0.account_number,
        la1_0.customer_id,
        c1_0.id,
        c1_0.password,
        c1_0.business_address,
        c1_0.company_email,
        c1_0.company_name,
        c1_0.industry_type,
        c1_0.phone_number,
        c1_0.rejection_reason,
        c1_0.status,
        c1_0.tax_id,
        la1_0.interest_rate,
        la1_0.application_id,
        la2_0.application_id,
        la2_0.customer_id,
        c2_0.id,
        c2_0.password,
        c2_0.business_address,
        c2_0.company_email,
        c2_0.company_name,
        c2_0.industry_type,
        c2_0.phone_number,
        c2_0.rejection_reason,
        c2_0.status,
        c2_0.tax_id,
        la2_0.loan_amount,
        lo1_0.id,
        lo1_0.active_application_count,
        lo1_0.employee_email,
        lo1_0.employee_id,
        lo1_0.name,
        lo1_0.password,
        lo1_0.role,
        lp1_0.id,
        lp1_0.default_interest_rate,
        lp1_0.description,
        lp1_0.max_loan_amount,
        lp1_0.max_tenure_months,
        lp1_0.min_loan_amount,
        lp1_0.min_tenure_months,
        lp1_0.product_name,
        la2_0.loan_type,
        la2_0.requested_tenure_months,
        la2_0.status,
        la2_0.submission_date,
        la1_0.opening_date,
        la1_0.principal_amount,
        la1_0.status 
    from
        loan_account la1_0 
    join
        corporate_customer c1_0 
            on c1_0.id=la1_0.customer_id 
    join
        loan_application la2_0 
            on la2_0.application_id=la1_0.application_id 
    join
        corporate_customer c2_0 
            on c2_0.id=la2_0.customer_id 
    left join
        officers lo1_0 
            on lo1_0.id=la2_0.officer_id 
    left join
        loan_products lp1_0 
            on lp1_0.id=la2_0.loan_product_id 
    where
        la1_0.id=?
2026-06-06T11:25:53.427+05:30 DEBUG 19036 --- [loan-system] [nio-2727-exec-3] o.s.w.s.m.m.a.HttpEntityMethodProcessor  : Using 'application/json', given [application/json, text/plain, */*] and supported [application/json, application/*+json]
2026-06-06T11:25:53.427+05:30 DEBUG 19036 --- [loan-system] [nio-2727-exec-3] o.s.w.s.m.m.a.HttpEntityMethodProcessor  : Writing [com.cblos.model.LoanAccount@10fffa6c]
2026-06-06T11:25:53.427+05:30 DEBUG 19036 --- [loan-system] [nio-2727-exec-4] o.s.w.s.m.m.a.HttpEntityMethodProcessor  : Using 'application/json', given [application/json, text/plain, */*] and supported [application/json, application/*+json]
2026-06-06T11:25:53.427+05:30 DEBUG 19036 --- [loan-system] [nio-2727-exec-3] o.s.web.servlet.DispatcherServlet        : Completed 200 OK
2026-06-06T11:25:53.427+05:30 DEBUG 19036 --- [loan-system] [nio-2727-exec-4] o.s.w.s.m.m.a.HttpEntityMethodProcessor  : Writing [[com.cblos.model.RepaymentSchedule@25abdea, com.cblos.model.RepaymentSchedule@58209144, com.cblos.mo (truncated)...]
2026-06-06T11:25:53.447+05:30 DEBUG 19036 --- [loan-system] [nio-2727-exec-4] o.s.web.servlet.DispatcherServlet        : Completed 200 OK
2026-06-06T11:31:54.172+05:30 DEBUG 19036 --- [loan-system] [nio-2727-exec-6] o.s.web.servlet.DispatcherServlet        : GET "/api/auth/me", parameters={}
2026-06-06T11:31:54.178+05:30 DEBUG 19036 --- [loan-system] [nio-2727-exec-6] s.w.s.m.m.a.RequestMappingHandlerMapping : Mapped to com.cblos.controller.AuthController#me(AppUserDetails)
2026-06-06T11:31:54.240+05:30 DEBUG 19036 --- [loan-system] [nio-2727-exec-6] o.s.w.s.m.m.a.HttpEntityMethodProcessor  : Using 'application/json', given [application/json, text/plain, */*] and supported [application/json, application/*+json]
2026-06-06T11:31:54.244+05:30 DEBUG 19036 --- [loan-system] [nio-2727-exec-6] o.s.w.s.m.m.a.HttpEntityMethodProcessor  : Writing [{email=Rolex@gmail.com, role=CUSTOMER, corporateCustomerId=5, loanOfficerId=null}]
2026-06-06T11:31:54.268+05:30 DEBUG 19036 --- [loan-system] [nio-2727-exec-6] o.s.web.servlet.DispatcherServlet        : Completed 200 OK
2026-06-06T11:33:31.235+05:30 DEBUG 19036 --- [loan-system] [nio-2727-exec-9] o.s.web.servlet.DispatcherServlet        : POST "/api/auth/login", parameters={}
2026-06-06T11:33:31.235+05:30 DEBUG 19036 --- [loan-system] [nio-2727-exec-9] s.w.s.m.m.a.RequestMappingHandlerMapping : Mapped to com.cblos.controller.AuthController#login(LoginRequest, HttpServletRequest)
2026-06-06T11:33:31.251+05:30 DEBUG 19036 --- [loan-system] [nio-2727-exec-9] m.m.a.RequestResponseBodyMethodProcessor : Read "application/json;charset=UTF-8" to [com.cblos.dto.LoginRequest@449ec05c]
2026-06-06T11:33:31.330+05:30 DEBUG 19036 --- [loan-system] [nio-2727-exec-9] org.hibernate.SQL                        : 
    select
        au1_0.id,
        au1_0.corporate_customer_id,
        au1_0.email,
        au1_0.loan_officer_id,
        au1_0.password,
        au1_0.role 
    from
        app_user au1_0 
    where
        au1_0.email=?
Hibernate: 
    select
        au1_0.id,
        au1_0.corporate_customer_id,
        au1_0.email,
        au1_0.loan_officer_id,
        au1_0.password,
        au1_0.role 
    from
        app_user au1_0 
    where
        au1_0.email=?
2026-06-06T11:33:31.506+05:30 DEBUG 19036 --- [loan-system] [nio-2727-exec-9] o.s.w.s.m.m.a.HttpEntityMethodProcessor  : Using 'application/json', given [application/json, text/plain, */*] and supported [application/json, application/*+json]
2026-06-06T11:33:31.506+05:30 DEBUG 19036 --- [loan-system] [nio-2727-exec-9] o.s.w.s.m.m.a.HttpEntityMethodProcessor  : Writing [{email=admin@bank.com, role=ADMIN, corporateCustomerId=null, loanOfficerId=null}]
2026-06-06T11:33:31.513+05:30 DEBUG 19036 --- [loan-system] [nio-2727-exec-9] o.s.web.servlet.DispatcherServlet        : Completed 200 OK
2026-06-06T11:33:31.577+05:30 DEBUG 19036 --- [loan-system] [nio-2727-exec-5] o.s.web.servlet.DispatcherServlet        : GET "/api/admin/customers/pending", parameters={}
2026-06-06T11:33:31.577+05:30 DEBUG 19036 --- [loan-system] [nio-2727-exec-7] o.s.web.servlet.DispatcherServlet        : GET "/api/admin/staff/all", parameters={}
2026-06-06T11:33:31.577+05:30 DEBUG 19036 --- [loan-system] [nio-2727-exec-5] s.w.s.m.m.a.RequestMappingHandlerMapping : Mapped to com.cblos.controller.AdminController#listPendingCustomers()
2026-06-06T11:33:31.579+05:30 DEBUG 19036 --- [loan-system] [nio-2727-exec-7] s.w.s.m.m.a.RequestMappingHandlerMapping : Mapped to com.cblos.controller.AdminController#getAllStaff()
2026-06-06T11:33:31.693+05:30 DEBUG 19036 --- [loan-system] [nio-2727-exec-7] org.hibernate.SQL                        : 
    select
        lo1_0.id,
        lo1_0.active_application_count,
        lo1_0.employee_email,
        lo1_0.employee_id,
        lo1_0.name,
        lo1_0.password,
        lo1_0.role 
    from
        officers lo1_0
Hibernate: 
    select
        lo1_0.id,
        lo1_0.active_application_count,
        lo1_0.employee_email,
        lo1_0.employee_id,
        lo1_0.name,
        lo1_0.password,
        lo1_0.role 
    from
        officers lo1_0
2026-06-06T11:33:31.701+05:30 DEBUG 19036 --- [loan-system] [nio-2727-exec-5] org.hibernate.SQL                        : 
    select
        cc1_0.id,
        cc1_0.password,
        cc1_0.business_address,
        cc1_0.company_email,
        cc1_0.company_name,
        cc1_0.industry_type,
        cc1_0.phone_number,
        cc1_0.rejection_reason,
        cc1_0.status,
        cc1_0.tax_id 
    from
        corporate_customer cc1_0
Hibernate: 
    select
        cc1_0.id,
        cc1_0.password,
        cc1_0.business_address,
        cc1_0.company_email,
        cc1_0.company_name,
        cc1_0.industry_type,
        cc1_0.phone_number,
        cc1_0.rejection_reason,
        cc1_0.status,
        cc1_0.tax_id 
    from
        corporate_customer cc1_0
2026-06-06T11:33:31.706+05:30 DEBUG 19036 --- [loan-system] [nio-2727-exec-7] o.s.w.s.m.m.a.HttpEntityMethodProcessor  : Using 'application/json', given [application/json, text/plain, */*] and supported [application/json, application/*+json]
2026-06-06T11:33:31.706+05:30 DEBUG 19036 --- [loan-system] [nio-2727-exec-5] o.s.w.s.m.m.a.HttpEntityMethodProcessor  : Using 'application/json', given [application/json, text/plain, */*] and supported [application/json, application/*+json]
2026-06-06T11:33:31.706+05:30 DEBUG 19036 --- [loan-system] [nio-2727-exec-7] o.s.w.s.m.m.a.HttpEntityMethodProcessor  : Writing [[com.cblos.model.LoanOfficer@6d7287a0, com.cblos.model.LoanOfficer@34ba0763, com.cblos.model.LoanOff (truncated)...]
2026-06-06T11:33:31.706+05:30 DEBUG 19036 --- [loan-system] [nio-2727-exec-5] o.s.w.s.m.m.a.HttpEntityMethodProcessor  : Writing [[]]
2026-06-06T11:33:31.706+05:30 DEBUG 19036 --- [loan-system] [nio-2727-exec-5] o.s.web.servlet.DispatcherServlet        : Completed 200 OK
2026-06-06T11:33:31.706+05:30 DEBUG 19036 --- [loan-system] [nio-2727-exec-7] o.s.web.servlet.DispatcherServlet        : Completed 200 OK
2026-06-06T11:33:36.484+05:30 DEBUG 19036 --- [loan-system] [io-2727-exec-10] o.s.web.servlet.DispatcherServlet        : POST "/api/auth/logout", parameters={}
2026-06-06T11:33:36.484+05:30 DEBUG 19036 --- [loan-system] [io-2727-exec-10] s.w.s.m.m.a.RequestMappingHandlerMapping : Mapped to com.cblos.controller.AuthController#logout(HttpServletRequest)
2026-06-06T11:33:36.484+05:30 DEBUG 19036 --- [loan-system] [io-2727-exec-10] o.s.w.s.m.m.a.HttpEntityMethodProcessor  : Using 'application/json', given [application/json, text/plain, */*] and supported [application/json, application/*+json]
2026-06-06T11:33:36.484+05:30 DEBUG 19036 --- [loan-system] [io-2727-exec-10] o.s.w.s.m.m.a.HttpEntityMethodProcessor  : Writing [{status=OK, message=Logged out successfully.}]
2026-06-06T11:33:36.484+05:30 DEBUG 19036 --- [loan-system] [io-2727-exec-10] o.s.web.servlet.DispatcherServlet        : Completed 200 OK
2026-06-06T11:33:42.081+05:30 DEBUG 19036 --- [loan-system] [nio-2727-exec-8] o.s.web.servlet.DispatcherServlet        : POST "/api/auth/login", parameters={}
2026-06-06T11:33:42.081+05:30 DEBUG 19036 --- [loan-system] [nio-2727-exec-8] s.w.s.m.m.a.RequestMappingHandlerMapping : Mapped to com.cblos.controller.AuthController#login(LoginRequest, HttpServletRequest)
2026-06-06T11:33:42.082+05:30 DEBUG 19036 --- [loan-system] [nio-2727-exec-8] m.m.a.RequestResponseBodyMethodProcessor : Read "application/json;charset=UTF-8" to [com.cblos.dto.LoginRequest@24767aa]
2026-06-06T11:33:42.084+05:30 DEBUG 19036 --- [loan-system] [nio-2727-exec-8] org.hibernate.SQL                        : 
    select
        au1_0.id,
        au1_0.corporate_customer_id,
        au1_0.email,
        au1_0.loan_officer_id,
        au1_0.password,
        au1_0.role 
    from
        app_user au1_0 
    where
        au1_0.email=?
Hibernate: 
    select
        au1_0.id,
        au1_0.corporate_customer_id,
        au1_0.email,
        au1_0.loan_officer_id,
        au1_0.password,
        au1_0.role 
    from
        app_user au1_0 
    where
        au1_0.email=?
2026-06-06T11:33:42.182+05:30 DEBUG 19036 --- [loan-system] [nio-2727-exec-8] o.s.w.s.m.m.a.HttpEntityMethodProcessor  : Using 'application/json', given [application/json, text/plain, */*] and supported [application/json, application/*+json]
2026-06-06T11:33:42.182+05:30 DEBUG 19036 --- [loan-system] [nio-2727-exec-8] o.s.w.s.m.m.a.HttpEntityMethodProcessor  : Writing [{email=Rolex@gmail.com, role=CUSTOMER, corporateCustomerId=5, loanOfficerId=null}]
2026-06-06T11:33:42.182+05:30 DEBUG 19036 --- [loan-system] [nio-2727-exec-8] o.s.web.servlet.DispatcherServlet        : Completed 200 OK
2026-06-06T11:33:42.219+05:30 DEBUG 19036 --- [loan-system] [nio-2727-exec-1] o.s.web.servlet.DispatcherServlet        : GET "/api/customers/5", parameters={}
2026-06-06T11:33:42.219+05:30 DEBUG 19036 --- [loan-system] [nio-2727-exec-3] o.s.web.servlet.DispatcherServlet        : GET "/api/loans/customer/5", parameters={}
2026-06-06T11:33:42.219+05:30 DEBUG 19036 --- [loan-system] [nio-2727-exec-2] o.s.web.servlet.DispatcherServlet        : GET "/api/products/catalog", parameters={}
2026-06-06T11:33:42.220+05:30 DEBUG 19036 --- [loan-system] [nio-2727-exec-4] o.s.web.servlet.DispatcherServlet        : GET "/api/accounts/customer/5", parameters={}
2026-06-06T11:33:42.222+05:30 DEBUG 19036 --- [loan-system] [nio-2727-exec-2] s.w.s.m.m.a.RequestMappingHandlerMapping : Mapped to com.cblos.controller.LoanProductController#getActiveBankingCatalog()
2026-06-06T11:33:42.223+05:30 DEBUG 19036 --- [loan-system] [nio-2727-exec-4] s.w.s.m.m.a.RequestMappingHandlerMapping : Mapped to com.cblos.controller.LoanAccountController#getAccountsByCustomer(Integer)
2026-06-06T11:33:42.223+05:30 DEBUG 19036 --- [loan-system] [nio-2727-exec-1] s.w.s.m.m.a.RequestMappingHandlerMapping : Mapped to com.cblos.controller.CorporateCustomerController#getCustomer(Integer)
2026-06-06T11:33:42.224+05:30 DEBUG 19036 --- [loan-system] [nio-2727-exec-3] s.w.s.m.m.a.RequestMappingHandlerMapping : Mapped to com.cblos.controller.LoanApplicationController#getApplicationsByCustomer(Integer)
2026-06-06T11:33:42.231+05:30 DEBUG 19036 --- [loan-system] [nio-2727-exec-2] org.hibernate.SQL                        : 
    select
        lp1_0.id,
        lp1_0.default_interest_rate,
        lp1_0.description,
        lp1_0.max_loan_amount,
        lp1_0.max_tenure_months,
        lp1_0.min_loan_amount,
        lp1_0.min_tenure_months,
        lp1_0.product_name 
    from
        loan_products lp1_0
Hibernate: 
    select
        lp1_0.id,
        lp1_0.default_interest_rate,
        lp1_0.description,
        lp1_0.max_loan_amount,
        lp1_0.max_tenure_months,
        lp1_0.min_loan_amount,
        lp1_0.min_tenure_months,
        lp1_0.product_name 
    from
        loan_products lp1_0
2026-06-06T11:33:42.234+05:30 DEBUG 19036 --- [loan-system] [nio-2727-exec-3] org.hibernate.SQL                        : 
    select
        la1_0.application_id,
        la1_0.customer_id,
        la1_0.loan_amount,
        la1_0.officer_id,
        la1_0.loan_product_id,
        la1_0.loan_type,
        la1_0.requested_tenure_months,
        la1_0.status,
        la1_0.submission_date 
    from
        loan_application la1_0 
    where
        la1_0.customer_id=?
Hibernate: 
    select
        la1_0.application_id,
        la1_0.customer_id,
        la1_0.loan_amount,
        la1_0.officer_id,
        la1_0.loan_product_id,
        la1_0.loan_type,
        la1_0.requested_tenure_months,
        la1_0.status,
        la1_0.submission_date 
    from
        loan_application la1_0 
    where
        la1_0.customer_id=?
2026-06-06T11:33:42.236+05:30 DEBUG 19036 --- [loan-system] [nio-2727-exec-1] org.hibernate.SQL                        : 
    select
        cc1_0.id,
        cc1_0.password,
        cc1_0.business_address,
        cc1_0.company_email,
        cc1_0.company_name,
        cc1_0.industry_type,
        cc1_0.phone_number,
        cc1_0.rejection_reason,
        cc1_0.status,
        cc1_0.tax_id 
    from
        corporate_customer cc1_0 
    where
        cc1_0.id=?
Hibernate: 
    select
        cc1_0.id,
        cc1_0.password,
        cc1_0.business_address,
        cc1_0.company_email,
        cc1_0.company_name,
        cc1_0.industry_type,
        cc1_0.phone_number,
        cc1_0.rejection_reason,
        cc1_0.status,
        cc1_0.tax_id 
    from
        corporate_customer cc1_0 
    where
        cc1_0.id=?
2026-06-06T11:33:42.237+05:30 DEBUG 19036 --- [loan-system] [nio-2727-exec-4] org.hibernate.SQL                        : 
    select
        la1_0.id,
        la1_0.account_number,
        la1_0.customer_id,
        la1_0.interest_rate,
        la1_0.application_id,
        la1_0.opening_date,
        la1_0.principal_amount,
        la1_0.status 
    from
        loan_account la1_0
Hibernate: 
    select
        la1_0.id,
        la1_0.account_number,
        la1_0.customer_id,
        la1_0.interest_rate,
        la1_0.application_id,
        la1_0.opening_date,
        la1_0.principal_amount,
        la1_0.status 
    from
        loan_account la1_0
2026-06-06T11:33:42.237+05:30 DEBUG 19036 --- [loan-system] [nio-2727-exec-2] o.s.w.s.m.m.a.HttpEntityMethodProcessor  : Using 'application/json', given [application/json, text/plain, */*] and supported [application/json, application/*+json]
2026-06-06T11:33:42.238+05:30 DEBUG 19036 --- [loan-system] [nio-2727-exec-2] o.s.w.s.m.m.a.HttpEntityMethodProcessor  : Writing [[com.cblos.model.LoanProduct@678fbfc2, com.cblos.model.LoanProduct@59c55eaa, com.cblos.model.LoanPro (truncated)...]
2026-06-06T11:33:42.238+05:30 DEBUG 19036 --- [loan-system] [nio-2727-exec-3] org.hibernate.SQL                        : 
    select
        cc1_0.id,
        cc1_0.password,
        cc1_0.business_address,
        cc1_0.company_email,
        cc1_0.company_name,
        cc1_0.industry_type,
        cc1_0.phone_number,
        cc1_0.rejection_reason,
        cc1_0.status,
        cc1_0.tax_id 
    from
        corporate_customer cc1_0 
    where
        cc1_0.id=?
Hibernate: 
    select
        cc1_0.id,
        cc1_0.password,
        cc1_0.business_address,
        cc1_0.company_email,
        cc1_0.company_name,
        cc1_0.industry_type,
        cc1_0.phone_number,
        cc1_0.rejection_reason,
        cc1_0.status,
        cc1_0.tax_id 
    from
        corporate_customer cc1_0 
    where
        cc1_0.id=?
2026-06-06T11:33:42.239+05:30 DEBUG 19036 --- [loan-system] [nio-2727-exec-4] org.hibernate.SQL                        : 
    select
        cc1_0.id,
        cc1_0.password,
        cc1_0.business_address,
        cc1_0.company_email,
        cc1_0.company_name,
        cc1_0.industry_type,
        cc1_0.phone_number,
        cc1_0.rejection_reason,
        cc1_0.status,
        cc1_0.tax_id 
    from
        corporate_customer cc1_0 
    where
        cc1_0.id=?
Hibernate: 
    select
        cc1_0.id,
        cc1_0.password,
        cc1_0.business_address,
        cc1_0.company_email,
        cc1_0.company_name,
        cc1_0.industry_type,
        cc1_0.phone_number,
        cc1_0.rejection_reason,
        cc1_0.status,
        cc1_0.tax_id 
    from
        corporate_customer cc1_0 
    where
        cc1_0.id=?
2026-06-06T11:33:42.240+05:30 DEBUG 19036 --- [loan-system] [nio-2727-exec-2] o.s.web.servlet.DispatcherServlet        : Completed 200 OK
2026-06-06T11:33:42.242+05:30 DEBUG 19036 --- [loan-system] [nio-2727-exec-3] org.hibernate.SQL                        : 
    select
        lo1_0.id,
        lo1_0.active_application_count,
        lo1_0.employee_email,
        lo1_0.employee_id,
        lo1_0.name,
        lo1_0.password,
        lo1_0.role 
    from
        officers lo1_0 
    where
        lo1_0.id=?
2026-06-06T11:33:42.242+05:30 DEBUG 19036 --- [loan-system] [nio-2727-exec-4] org.hibernate.SQL                        : 
    select
        la1_0.application_id,
        la1_0.customer_id,
        c1_0.id,
        c1_0.password,
        c1_0.business_address,
        c1_0.company_email,
        c1_0.company_name,
        c1_0.industry_type,
        c1_0.phone_number,
        c1_0.rejection_reason,
        c1_0.status,
        c1_0.tax_id,
        la1_0.loan_amount,
        lo1_0.id,
        lo1_0.active_application_count,
        lo1_0.employee_email,
        lo1_0.employee_id,
        lo1_0.name,
        lo1_0.password,
        lo1_0.role,
        lp1_0.id,
        lp1_0.default_interest_rate,
        lp1_0.description,
        lp1_0.max_loan_amount,
        lp1_0.max_tenure_months,
        lp1_0.min_loan_amount,
        lp1_0.min_tenure_months,
        lp1_0.product_name,
        la1_0.loan_type,
        la1_0.requested_tenure_months,
        la1_0.status,
        la1_0.submission_date 
    from
        loan_application la1_0 
    join
        corporate_customer c1_0 
            on c1_0.id=la1_0.customer_id 
    left join
        officers lo1_0 
            on lo1_0.id=la1_0.officer_id 
    left join
        loan_products lp1_0 
            on lp1_0.id=la1_0.loan_product_id 
    where
        la1_0.application_id=?
Hibernate: 
    select
        la1_0.application_id,
        la1_0.customer_id,
        c1_0.id,
        c1_0.password,
        c1_0.business_address,
        c1_0.company_email,
        c1_0.company_name,
        c1_0.industry_type,
        c1_0.phone_number,
        c1_0.rejection_reason,
        c1_0.status,
        c1_0.tax_id,
        la1_0.loan_amount,
        lo1_0.id,
        lo1_0.active_application_count,
        lo1_0.employee_email,
        lo1_0.employee_id,
        lo1_0.name,
        lo1_0.password,
        lo1_0.role,
        lp1_0.id,
        lp1_0.default_interest_rate,
        lp1_0.description,
        lp1_0.max_loan_amount,
        lp1_0.max_tenure_months,
        lp1_0.min_loan_amount,
        lp1_0.min_tenure_months,
        lp1_0.product_name,
        la1_0.loan_type,
        la1_0.requested_tenure_months,
        la1_0.status,
        la1_0.submission_date 
    from
        loan_application la1_0 
    join
        corporate_customer c1_0 
            on c1_0.id=la1_0.customer_id 
    left join
        officers lo1_0 
            on lo1_0.id=la1_0.officer_id 
    left join
        loan_products lp1_0 
            on lp1_0.id=la1_0.loan_product_id 
    where
        la1_0.application_id=?
Hibernate: 
    select
        lo1_0.id,
        lo1_0.active_application_count,
        lo1_0.employee_email,
        lo1_0.employee_id,
        lo1_0.name,
        lo1_0.password,
        lo1_0.role 
    from
        officers lo1_0 
    where
        lo1_0.id=?
2026-06-06T11:33:42.246+05:30 DEBUG 19036 --- [loan-system] [nio-2727-exec-3] org.hibernate.SQL                        : 
    select
        lp1_0.id,
        lp1_0.default_interest_rate,
        lp1_0.description,
        lp1_0.max_loan_amount,
        lp1_0.max_tenure_months,
        lp1_0.min_loan_amount,
        lp1_0.min_tenure_months,
        lp1_0.product_name 
    from
        loan_products lp1_0 
    where
        lp1_0.id=?
Hibernate: 
    select
        lp1_0.id,
        lp1_0.default_interest_rate,
        lp1_0.description,
        lp1_0.max_loan_amount,
        lp1_0.max_tenure_months,
        lp1_0.min_loan_amount,
        lp1_0.min_tenure_months,
        lp1_0.product_name 
    from
        loan_products lp1_0 
    where
        lp1_0.id=?
2026-06-06T11:33:42.247+05:30 DEBUG 19036 --- [loan-system] [nio-2727-exec-1] o.s.w.s.m.m.a.HttpEntityMethodProcessor  : Using 'application/json', given [application/json, text/plain, */*] and supported [application/json, application/*+json]
2026-06-06T11:33:42.247+05:30 DEBUG 19036 --- [loan-system] [nio-2727-exec-1] o.s.w.s.m.m.a.HttpEntityMethodProcessor  : Writing [com.cblos.model.CorporateCustomer@4614768c]
2026-06-06T11:33:42.249+05:30 DEBUG 19036 --- [loan-system] [nio-2727-exec-1] o.s.web.servlet.DispatcherServlet        : Completed 200 OK
2026-06-06T11:33:42.250+05:30 DEBUG 19036 --- [loan-system] [nio-2727-exec-3] o.s.w.s.m.m.a.HttpEntityMethodProcessor  : Using 'application/json', given [application/json, text/plain, */*] and supported [application/json, application/*+json]
2026-06-06T11:33:42.251+05:30 DEBUG 19036 --- [loan-system] [nio-2727-exec-3] o.s.w.s.m.m.a.HttpEntityMethodProcessor  : Writing [[]]
2026-06-06T11:33:42.251+05:30 DEBUG 19036 --- [loan-system] [nio-2727-exec-4] o.s.w.s.m.m.a.HttpEntityMethodProcessor  : Using 'application/json', given [application/json, text/plain, */*] and supported [application/json, application/*+json]
2026-06-06T11:33:42.252+05:30 DEBUG 19036 --- [loan-system] [nio-2727-exec-4] o.s.w.s.m.m.a.HttpEntityMethodProcessor  : Writing [[com.cblos.model.LoanAccount@79e670c0]]
2026-06-06T11:33:42.252+05:30 DEBUG 19036 --- [loan-system] [nio-2727-exec-3] o.s.web.servlet.DispatcherServlet        : Completed 200 OK
2026-06-06T11:33:42.255+05:30 DEBUG 19036 --- [loan-system] [nio-2727-exec-4] o.s.web.servlet.DispatcherServlet        : Completed 200 OK
2026-06-06T11:33:45.642+05:30 DEBUG 19036 --- [loan-system] [nio-2727-exec-6] o.s.web.servlet.DispatcherServlet        : POST "/api/auth/logout", parameters={}
2026-06-06T11:33:45.643+05:30 DEBUG 19036 --- [loan-system] [nio-2727-exec-6] s.w.s.m.m.a.RequestMappingHandlerMapping : Mapped to com.cblos.controller.AuthController#logout(HttpServletRequest)
2026-06-06T11:33:45.643+05:30 DEBUG 19036 --- [loan-system] [nio-2727-exec-6] o.s.w.s.m.m.a.HttpEntityMethodProcessor  : Using 'application/json', given [application/json, text/plain, */*] and supported [application/json, application/*+json]
2026-06-06T11:33:45.644+05:30 DEBUG 19036 --- [loan-system] [nio-2727-exec-6] o.s.w.s.m.m.a.HttpEntityMethodProcessor  : Writing [{status=OK, message=Logged out successfully.}]
2026-06-06T11:33:45.644+05:30 DEBUG 19036 --- [loan-system] [nio-2727-exec-6] o.s.web.servlet.DispatcherServlet        : Completed 200 OK
2026-06-06T11:33:51.292+05:30 DEBUG 19036 --- [loan-system] [nio-2727-exec-9] o.s.web.servlet.DispatcherServlet        : POST "/api/auth/login", parameters={}
2026-06-06T11:33:51.292+05:30 DEBUG 19036 --- [loan-system] [nio-2727-exec-9] s.w.s.m.m.a.RequestMappingHandlerMapping : Mapped to com.cblos.controller.AuthController#login(LoginRequest, HttpServletRequest)
2026-06-06T11:33:51.292+05:30 DEBUG 19036 --- [loan-system] [nio-2727-exec-9] m.m.a.RequestResponseBodyMethodProcessor : Read "application/json;charset=UTF-8" to [com.cblos.dto.LoginRequest@3928aaba]
2026-06-06T11:33:51.292+05:30 DEBUG 19036 --- [loan-system] [nio-2727-exec-9] org.hibernate.SQL                        : 
    select
        au1_0.id,
        au1_0.corporate_customer_id,
        au1_0.email,
        au1_0.loan_officer_id,
        au1_0.password,
        au1_0.role 
    from
        app_user au1_0 
    where
        au1_0.email=?
Hibernate: 
    select
        au1_0.id,
        au1_0.corporate_customer_id,
        au1_0.email,
        au1_0.loan_officer_id,
        au1_0.password,
        au1_0.role 
    from
        app_user au1_0 
    where
        au1_0.email=?
2026-06-06T11:33:51.394+05:30 DEBUG 19036 --- [loan-system] [nio-2727-exec-9] o.s.w.s.m.m.a.HttpEntityMethodProcessor  : Using 'application/json', given [application/json, text/plain, */*] and supported [application/json, application/*+json]
2026-06-06T11:33:51.394+05:30 DEBUG 19036 --- [loan-system] [nio-2727-exec-9] o.s.w.s.m.m.a.HttpEntityMethodProcessor  : Writing [{email=officer-20260606101641@bank.com, role=OFFICER, corporateCustomerId=null, loanOfficerId=1}]
2026-06-06T11:33:51.394+05:30 DEBUG 19036 --- [loan-system] [nio-2727-exec-9] o.s.web.servlet.DispatcherServlet        : Completed 200 OK
2026-06-06T11:33:51.422+05:30 DEBUG 19036 --- [loan-system] [nio-2727-exec-5] o.s.web.servlet.DispatcherServlet        : GET "/api/loans/all", parameters={}
2026-06-06T11:33:51.422+05:30 DEBUG 19036 --- [loan-system] [nio-2727-exec-5] s.w.s.m.m.a.RequestMappingHandlerMapping : Mapped to com.cblos.controller.LoanApplicationController#getAllApplications()
2026-06-06T11:33:51.426+05:30 DEBUG 19036 --- [loan-system] [nio-2727-exec-5] org.hibernate.SQL                        : 
    select
        la1_0.application_id,
        la1_0.customer_id,
        la1_0.loan_amount,
        la1_0.officer_id,
        la1_0.loan_product_id,
        la1_0.loan_type,
        la1_0.requested_tenure_months,
        la1_0.status,
        la1_0.submission_date 
    from
        loan_application la1_0
Hibernate: 
    select
        la1_0.application_id,
        la1_0.customer_id,
        la1_0.loan_amount,
        la1_0.officer_id,
        la1_0.loan_product_id,
        la1_0.loan_type,
        la1_0.requested_tenure_months,
        la1_0.status,
        la1_0.submission_date 
    from
        loan_application la1_0
2026-06-06T11:33:51.429+05:30 DEBUG 19036 --- [loan-system] [nio-2727-exec-5] org.hibernate.SQL                        : 
    select
        cc1_0.id,
        cc1_0.password,
        cc1_0.business_address,
        cc1_0.company_email,
        cc1_0.company_name,
        cc1_0.industry_type,
        cc1_0.phone_number,
        cc1_0.rejection_reason,
        cc1_0.status,
        cc1_0.tax_id 
    from
        corporate_customer cc1_0 
    where
        cc1_0.id=?
Hibernate: 
    select
        cc1_0.id,
        cc1_0.password,
        cc1_0.business_address,
        cc1_0.company_email,
        cc1_0.company_name,
        cc1_0.industry_type,
        cc1_0.phone_number,
        cc1_0.rejection_reason,
        cc1_0.status,
        cc1_0.tax_id 
    from
        corporate_customer cc1_0 
    where
        cc1_0.id=?
2026-06-06T11:33:51.431+05:30 DEBUG 19036 --- [loan-system] [nio-2727-exec-5] org.hibernate.SQL                        : 
    select
        lo1_0.id,
        lo1_0.active_application_count,
        lo1_0.employee_email,
        lo1_0.employee_id,
        lo1_0.name,
        lo1_0.password,
        lo1_0.role 
    from
        officers lo1_0 
    where
        lo1_0.id=?
Hibernate: 
    select
        lo1_0.id,
        lo1_0.active_application_count,
        lo1_0.employee_email,
        lo1_0.employee_id,
        lo1_0.name,
        lo1_0.password,
        lo1_0.role 
    from
        officers lo1_0 
    where
        lo1_0.id=?
2026-06-06T11:33:51.434+05:30 DEBUG 19036 --- [loan-system] [nio-2727-exec-5] org.hibernate.SQL                        : 
    select
        lp1_0.id,
        lp1_0.default_interest_rate,
        lp1_0.description,
        lp1_0.max_loan_amount,
        lp1_0.max_tenure_months,
        lp1_0.min_loan_amount,
        lp1_0.min_tenure_months,
        lp1_0.product_name 
    from
        loan_products lp1_0 
    where
        lp1_0.id=?
Hibernate: 
    select
        lp1_0.id,
        lp1_0.default_interest_rate,
        lp1_0.description,
        lp1_0.max_loan_amount,
        lp1_0.max_tenure_months,
        lp1_0.min_loan_amount,
        lp1_0.min_tenure_months,
        lp1_0.product_name 
    from
        loan_products lp1_0 
    where
        lp1_0.id=?
2026-06-06T11:33:51.438+05:30 DEBUG 19036 --- [loan-system] [nio-2727-exec-5] o.s.w.s.m.m.a.HttpEntityMethodProcessor  : Using 'application/json', given [application/json, text/plain, */*] and supported [application/json, application/*+json]
2026-06-06T11:33:51.438+05:30 DEBUG 19036 --- [loan-system] [nio-2727-exec-5] o.s.w.s.m.m.a.HttpEntityMethodProcessor  : Writing [[com.cblos.model.LoanApplication@12fbe44d]]
2026-06-06T11:33:51.438+05:30 DEBUG 19036 --- [loan-system] [nio-2727-exec-5] o.s.web.servlet.DispatcherServlet        : Completed 200 OK
2026-06-06T12:17:16.478+05:30  WARN 19036 --- [loan-system] [l-1:housekeeper] com.zaxxer.hikari.pool.HikariPool        : HikariPool-1 - Thread starvation or clock leap detected (housekeeper delta=24m52s135ms947µs401ns).
